cell,cluster,path
AGACAAACAACCGCTG-2,6,6/5/4/3/2/1/0
AGGAGGTAGCCAACCC-2,6,6/5/4/3/2/1/0
AGGTCATTCGTGGACC-2,6,6/5/4/3/2/1/0
ATGAGTCAGCCGAACA-2,6,6/5/4/3/2/1/0
CAACAACAGCTACTGT-2,6,6/5/4/3/2/1/0
CAAGACTGTAACACGG-2,6,6/5/4/3/2/1/0
CATGCGGTCACGGTCG-2,6,6/5/4/3/2/1/0
CCTTTGGAGAATCGCG-2,6,6/5/4/3/2/1/0
CTGCTCACATCGCTCT-2,6,6/5/4/3/2/1/0
GAGTTACGTGTTCGTA-2,6,6/5/4/3/2/1/0
GGAATGGAGCATCCCG-2,6,6/5/4/3/2/1/0
GTCACGGGTTCGGTAT-2,6,6/5/4/3/2/1/0
GTGAGCCTCGTGCGAC-2,6,6/5/4/3/2/1/0
GTTACCCTCGGAGATG-2,6,6/5/4/3/2/1/0
GTTGCTCCATGATAGA-2,6,6/5/4/3/2/1/0
TATTCCATCTGGTGCG-2,6,6/5/4/3/2/1/0
TCACAAGCACGTATAC-2,6,6/5/4/3/2/1/0
TCCGAAAAGTGGTTAA-2,6,6/5/4/3/2/1/0
TCGCACTCAACATCGT-2,6,6/5/4/3/2/1/0
TGAATGCAGATAGCTA-2,6,6/5/4/3/2/1/0
CTCAGGGTCGGTCGGT-2,6,6/5/4/3/2/1/0
GAATAGACAACTGGTT-2,6,6/5/4/3/2/1/0
GCATCTCGTCCCGTGA-2,6,6/5/4/3/2/1/0
TTGGGCGGTCTGATAC-2,6,6/5/4/3/2/1/0
GGATCTAGTGTGATGG-2,6,6/5/4/3/2/1/0
GTGCACGAGGATACCG-2,6,6/5/4/3/2/1/0
TCATGAGTCACCTTGC-2,6,6/5/4/3/2/1/0
TCTCTGGGTTGGGACA-2,6,6/5/4/3/2/1/0
TGGATCAAGCAATAAC-2,6,6/5/4/3/2/1/0
TTGTTTGGTGTTTGCA-2,6,6/5/4/3/2/1/0
ATCCTATAGGTGCCTC-1,8,8/7/5/4/3/2/1/0
GGCAGTCCAGTTACCA-1,8,8/7/5/4/3/2/1/0
AGTAACCTCAGGGATG-2,8,8/7/5/4/3/2/1/0
GCACGGTCAAAGCAAT-2,8,8/7/5/4/3/2/1/0
GCCAGGTCATGATAGA-2,8,8/7/5/4/3/2/1/0
TCGCTCACAGGTACGA-2,8,8/7/5/4/3/2/1/0
ACATCCCCACTTCATT-2,8,8/7/5/4/3/2/1/0
ACCCTTGAGTCTCCTC-2,8,8/7/5/4/3/2/1/0
ACGATCAAGGGCAGAG-2,8,8/7/5/4/3/2/1/0
ACTGTGACAGGGTTGA-2,8,8/7/5/4/3/2/1/0
ATCCGTCAGAGTATAC-2,8,8/7/5/4/3/2/1/0
CATCCCAGTGGCTTGC-2,8,8/7/5/4/3/2/1/0
CATCCCAGTTCAGGTT-2,8,8/7/5/4/3/2/1/0
CCCTGATCAGGTTACT-2,8,8/7/5/4/3/2/1/0
CCGATGGTCATCACCC-2,8,8/7/5/4/3/2/1/0
GGGACAAAGGGACTGT-2,8,8/7/5/4/3/2/1/0
TCTCAGCCACTTGACA-2,8,8/7/5/4/3/2/1/0
TGCGATAAGCGTGCCT-2,8,8/7/5/4/3/2/1/0
TTCACGCGTTCGTGCG-2,8,8/7/5/4/3/2/1/0
TTCTAGTGTGTCCGTG-2,8,8/7/5/4/3/2/1/0
CGAGTTAGTCATCCCT-2,8,8/7/5/4/3/2/1/0
GGGACCTTCTCCCAAC-2,8,8/7/5/4/3/2/1/0
TGAGGTTGTGATATAG-2,8,8/7/5/4/3/2/1/0
AACCAACAGATAACGT-1,8,8/7/5/4/3/2/1/0
ATAGACCGTGACAACG-1,8,8/7/5/4/3/2/1/0
ATCGTGAAGAGGGTGG-1,8,8/7/5/4/3/2/1/0
CCGGTAGAGGTAGACC-1,8,8/7/5/4/3/2/1/0
CGGACACGTGTCATCA-1,8,8/7/5/4/3/2/1/0
CTACCCACACATGTTG-1,8,8/7/5/4/3/2/1/0
GAATCACGTAATGATG-1,8,8/7/5/4/3/2/1/0
GACTCTCGTTCTTGCC-1,8,8/7/5/4/3/2/1/0
GACTTCCCATAATCGC-1,8,8/7/5/4/3/2/1/0
GATCATGCACTGATTG-1,8,8/7/5/4/3/2/1/0
GATCCCTTCCAACTAG-1,8,8/7/5/4/3/2/1/0
GGAGAACCAAGCTCTA-1,8,8/7/5/4/3/2/1/0
TACCGAACATGAATAG-1,8,8/7/5/4/3/2/1/0
TACCTGCAGTAGGGTC-1,8,8/7/5/4/3/2/1/0
TATACCTTCGCAGATT-1,8,8/7/5/4/3/2/1/0
ACTTATCTCTGTAAGC-2,9,9/7/5/4/3/2/1/0
CATACCCCAAGCGAGT-2,9,9/7/5/4/3/2/1/0
CGATGGCTCGCAGATT-2,9,9/7/5/4/3/2/1/0
CGGACACAGTGTGTTC-2,9,9/7/5/4/3/2/1/0
CTCTCAGAGAGCTTTC-2,9,9/7/5/4/3/2/1/0
CTCTCAGAGCGACAGT-2,9,9/7/5/4/3/2/1/0
CTCTGGTCACCACATA-2,9,9/7/5/4/3/2/1/0
GTATTGGTCACCATGA-2,9,9/7/5/4/3/2/1/0
GTGAGCCGTAACTGCT-2,9,9/7/5/4/3/2/1/0
TAGAGTCGTCCAGAAG-2,9,9/7/5/4/3/2/1/0
TCCTAATTCGGCACTG-2,9,9/7/5/4/3/2/1/0
TCCTTCTGTACTGTTG-2,9,9/7/5/4/3/2/1/0
TGACCCTCACGGTAGA-2,9,9/7/5/4/3/2/1/0
TGGTGATAGACGAAGA-2,9,9/7/5/4/3/2/1/0
TGTGTGAAGCCAACCC-2,9,9/7/5/4/3/2/1/0
TTCATTGGTGCTTCAA-2,9,9/7/5/4/3/2/1/0
TTCCTTCAGTGGATAT-2,9,9/7/5/4/3/2/1/0
TTGAGTGGTCTAACTG-2,9,9/7/5/4/3/2/1/0
CCAATGAGTAAGGTCG-1,9,9/7/5/4/3/2/1/0
CCATCACGTCCGGTGT-2,9,9/7/5/4/3/2/1/0
GAGTTTGTCTTAGTTC-2,9,9/7/5/4/3/2/1/0
TTGCCTGGTATCGCAT-2,9,9/7/5/4/3/2/1/0
CCCTCTCGTGAGATAT-1,9,9/7/5/4/3/2/1/0
CTTTCGGAGCTGCGAA-1,9,9/7/5/4/3/2/1/0
TAGACCACAACGTATC-1,9,9/7/5/4/3/2/1/0
CGTGAATCACGAGGTA-2,9,9/7/5/4/3/2/1/0
GACTTCCGTATCAGCT-2,9,9/7/5/4/3/2/1/0
GAGTGTTTCCGTATGA-2,9,9/7/5/4/3/2/1/0
GTGTCCTAGCATCCCG-2,9,9/7/5/4/3/2/1/0
CCTCCTCGTCAGCGTC-2,9,9/7/5/4/3/2/1/0
CTGCCTAAGACTTGTC-2,9,9/7/5/4/3/2/1/0
AACAAAGCACATTGTG-2,11,11/10/4/3/2/1/0
AACGAAAGTCGGCACT-2,11,11/10/4/3/2/1/0
ACTACGACAGCATCTA-2,11,11/10/4/3/2/1/0
AGTCTCCCACTAACGT-2,11,11/10/4/3/2/1/0
ATCTTCAGTGTCTCCT-2,11,11/10/4/3/2/1/0
CAGAGCCAGTAGTCTC-2,11,11/10/4/3/2/1/0
CAGCGTGGTGTTCAGT-2,11,11/10/4/3/2/1/0
CATACAGAGTATGACA-2,11,11/10/4/3/2/1/0
CATCCACCATCGGTTA-2,11,11/10/4/3/2/1/0
CTCAGTCGTAACATCC-2,11,11/10/4/3/2/1/0
CTGGCAGCACTGCGAC-2,11,11/10/4/3/2/1/0
CTTCCGATCGGTATGT-2,11,11/10/4/3/2/1/0
GGGTCACTCGGACTTA-2,11,11/10/4/3/2/1/0
GGTGTCGAGTCTTGGT-2,11,11/10/4/3/2/1/0
GTAGAGGGTGGCTTGC-2,11,11/10/4/3/2/1/0
GTAGGTTGTACTGCGC-2,11,11/10/4/3/2/1/0
GTCAAGTCAGTTACCA-2,11,11/10/4/3/2/1/0
GTGAGGAAGTAGGAAG-2,11,11/10/4/3/2/1/0
TAATCTCAGGAGAGTA-2,11,11/10/4/3/2/1/0
TCATGCCTCGGATAAA-2,11,11/10/4/3/2/1/0
TCCCAGTTCCATTCGC-2,11,11/10/4/3/2/1/0
TGCAGATCAGCCTTCT-2,11,11/10/4/3/2/1/0
TGCAGTACAGCATTGT-2,11,11/10/4/3/2/1/0
TGCTTGCGTAGGGAGG-2,11,11/10/4/3/2/1/0
TGGTGATGTTGCTGAT-2,11,11/10/4/3/2/1/0
TGTTGGACAACGAGGT-2,11,11/10/4/3/2/1/0
AAAGTCCGTGACTGTT-1,11,11/10/4/3/2/1/0
AATGGCTCAACCGTGC-1,11,11/10/4/3/2/1/0
ACTGCAAAGGCTAACG-1,11,11/10/4/3/2/1/0
ACTTTCATCTCCGCAT-1,11,11/10/4/3/2/1/0
ACTTTGTGTCTGTGCG-1,11,11/10/4/3/2/1/0
AGACAAATCCGGCAGT-1,11,11/10/4/3/2/1/0
AGTCAACGTACCTGTA-1,11,11/10/4/3/2/1/0
AGTTCCCAGATCCGAG-1,11,11/10/4/3/2/1/0
CAAGAGGCACGCAGTC-1,11,11/10/4/3/2/1/0
CAGCGTGGTGGGCTTC-1,11,11/10/4/3/2/1/0
CAGGGCTGTCGTCAGC-1,11,11/10/4/3/2/1/0
CATTGCCCATTAAAGG-1,11,11/10/4/3/2/1/0
CCCGGAACATAAGCGG-1,11,11/10/4/3/2/1/0
CGTTCTGAGCAGCCTC-1,11,11/10/4/3/2/1/0
CTACCTGCAAAGGGCT-1,11,11/10/4/3/2/1/0
CTCAAGAAGTGGATTA-1,11,11/10/4/3/2/1/0
CTCTGGTGTGAGGAAA-1,11,11/10/4/3/2/1/0
CTTGATTGTTCTATCT-1,11,11/10/4/3/2/1/0
GATTTCTCAATAGAGT-1,11,11/10/4/3/2/1/0
GCAGTTACAGCGTTGC-1,11,11/10/4/3/2/1/0
GCGGATCGTACCTAAC-1,11,11/10/4/3/2/1/0
GCGTGCATCTTGAACG-1,11,11/10/4/3/2/1/0
GCTGGGTAGGTGTGAC-1,11,11/10/4/3/2/1/0
GCTGGGTTCCATCGTC-1,11,11/10/4/3/2/1/0
GGAGGATGTTTACCTT-1,11,11/10/4/3/2/1/0
GGCACGTAGCCTGGAA-1,11,11/10/4/3/2/1/0
GGGAGATCATCACAGT-1,11,11/10/4/3/2/1/0
GGTTAACGTCGAACGA-1,11,11/10/4/3/2/1/0
GTACAGTTCCACCTGT-1,11,11/10/4/3/2/1/0
GTTGTAGCACTAAACC-1,11,11/10/4/3/2/1/0
GTTTGGATCATGCGGC-1,11,11/10/4/3/2/1/0
TAGCACACACCAAAGG-1,11,11/10/4/3/2/1/0
TCAAGTGCATCAGTGT-1,11,11/10/4/3/2/1/0
TGGGAGACATCGCTGG-1,11,11/10/4/3/2/1/0
TTACGCCGTAACAAGT-1,11,11/10/4/3/2/1/0
TTCTGTACACACCTGG-1,11,11/10/4/3/2/1/0
TTTCGATTCCAAACCA-1,11,11/10/4/3/2/1/0
AGGCTGCTCAGAGCAG-2,11,11/10/4/3/2/1/0
CATTGTTCATAAGATG-2,11,11/10/4/3/2/1/0
CTGTATTAGTCGAAGC-2,11,11/10/4/3/2/1/0
CTGTGGGTCCGATAAC-2,11,11/10/4/3/2/1/0
GAGTCTATCAACCTCC-2,11,11/10/4/3/2/1/0
GATGATCCATTGACTG-2,11,11/10/4/3/2/1/0
GTCAAGTGTGATAGTA-2,11,11/10/4/3/2/1/0
TCAGCAAGTTACACTG-2,11,11/10/4/3/2/1/0
TGTAAGCGTTGGGAAC-2,11,11/10/4/3/2/1/0
TTTCCTCGTACTGCGC-2,11,11/10/4/3/2/1/0
AAGGTAAAGTAGGATT-2,15,15/14/13/12/10/4/3/2/1/0
AATGAAGAGTATAACG-2,15,15/14/13/12/10/4/3/2/1/0
ACACAGTTCACTTGTT-2,15,15/14/13/12/10/4/3/2/1/0
AGGTAGGGTGCTTCAA-2,15,15/14/13/12/10/4/3/2/1/0
CGTCCATCATTCACCC-2,15,15/14/13/12/10/4/3/2/1/0
CTCAAGATCGGCTATA-2,15,15/14/13/12/10/4/3/2/1/0
GACCAATCAGGGATAC-2,15,15/14/13/12/10/4/3/2/1/0
GAGTTACTCGTGTTCC-2,15,15/14/13/12/10/4/3/2/1/0
GATCCCTAGTAATTGG-2,15,15/14/13/12/10/4/3/2/1/0
GGAGAACCAACATCGT-2,15,15/14/13/12/10/4/3/2/1/0
GTCACTCGTTTCGACA-2,15,15/14/13/12/10/4/3/2/1/0
GTCTCACCAAGTGGAC-2,15,15/14/13/12/10/4/3/2/1/0
GTGAGCCGTATCACGT-2,15,15/14/13/12/10/4/3/2/1/0
GTGTTAGAGGTTCATC-2,15,15/14/13/12/10/4/3/2/1/0
GTTACGACAAGTCATC-2,15,15/14/13/12/10/4/3/2/1/0
TACGTCCGTGACTATC-2,15,15/14/13/12/10/4/3/2/1/0
TCATGCCTCATTGCGA-2,15,15/14/13/12/10/4/3/2/1/0
TCTCCGAGTACCCACG-2,15,15/14/13/12/10/4/3/2/1/0
TTTCAGTTCGTGAGAG-2,15,15/14/13/12/10/4/3/2/1/0
AAGTGAAAGTGGACTG-2,15,15/14/13/12/10/4/3/2/1/0
ATCTTCATCCACACAA-2,15,15/14/13/12/10/4/3/2/1/0
ATGGGTTCAACTCATG-2,15,15/14/13/12/10/4/3/2/1/0
CAACCTCAGCCTGTGC-2,15,15/14/13/12/10/4/3/2/1/0
CACTAAGGTTGCATAC-2,15,15/14/13/12/10/4/3/2/1/0
CGGAGAAAGTATTGCC-2,15,15/14/13/12/10/4/3/2/1/0
CGTAATGCAGCAGTTT-2,15,15/14/13/12/10/4/3/2/1/0
GAAGGACGTAGCGTAG-2,15,15/14/13/12/10/4/3/2/1/0
GACGCTGAGTGATTCC-2,15,15/14/13/12/10/4/3/2/1/0
GCACGGTTCAAGAAAC-2,15,15/14/13/12/10/4/3/2/1/0
GTAGGAGCATGACACT-2,15,15/14/13/12/10/4/3/2/1/0
GTGAGCCTCACTTGGA-2,15,15/14/13/12/10/4/3/2/1/0
GTGTGGCGTATGCGTT-2,15,15/14/13/12/10/4/3/2/1/0
TCGTGGGTCTTCCCAG-2,15,15/14/13/12/10/4/3/2/1/0
TGGAGGATCCCGTGAG-2,15,15/14/13/12/10/4/3/2/1/0
TTCCTTCAGAGGCCAT-2,15,15/14/13/12/10/4/3/2/1/0
TTGGGTAGTTTCGACA-2,15,15/14/13/12/10/4/3/2/1/0
TTTGTTGGTGTCATTG-2,15,15/14/13/12/10/4/3/2/1/0
AAGACTCTCTGCCTGT-2,16,16/14/13/12/10/4/3/2/1/0
CATGCTCAGACCTTTG-2,16,16/14/13/12/10/4/3/2/1/0
CCTCCTCGTCAGACGA-2,16,16/14/13/12/10/4/3/2/1/0
GAGTTTGTCCCATTCG-2,16,16/14/13/12/10/4/3/2/1/0
GGGCTACAGAAGGCTC-2,16,16/14/13/12/10/4/3/2/1/0
GGTGGCTAGGACACTG-2,16,16/14/13/12/10/4/3/2/1/0
TAAGCACGTAACAGTA-2,16,16/14/13/12/10/4/3/2/1/0
TACCTGCTCGACACCG-2,16,16/14/13/12/10/4/3/2/1/0
TCACGGGTCAGGGATG-2,16,16/14/13/12/10/4/3/2/1/0
TCGGGCATCTTTCTAG-2,16,16/14/13/12/10/4/3/2/1/0
TCTCAGCTCTCTTGCG-2,16,16/14/13/12/10/4/3/2/1/0
TGGTTAGAGCAGGCAT-2,16,16/14/13/12/10/4/3/2/1/0
ACTTCCGTCGTGGACC-2,16,16/14/13/12/10/4/3/2/1/0
ACTTTCAGTTGGGTAG-2,16,16/14/13/12/10/4/3/2/1/0
AGAACCTGTTTACGTG-2,16,16/14/13/12/10/4/3/2/1/0
AGGATCTAGGCTAAAT-2,16,16/14/13/12/10/4/3/2/1/0
AGTTCCCAGAGTTGTA-2,16,16/14/13/12/10/4/3/2/1/0
ATACCGAGTCAGATTC-2,16,16/14/13/12/10/4/3/2/1/0
CACAGGCAGTAACGTA-2,16,16/14/13/12/10/4/3/2/1/0
CCCTCTCAGCATTTGC-2,16,16/14/13/12/10/4/3/2/1/0
CCCTTAGGTATGAGCG-2,16,16/14/13/12/10/4/3/2/1/0
CGAAGTTAGGCGATAC-2,16,16/14/13/12/10/4/3/2/1/0
CGCATGGTCCCAAGTA-2,16,16/14/13/12/10/4/3/2/1/0
CGGGTGTAGCCACCGT-2,16,16/14/13/12/10/4/3/2/1/0
CTCCAACTCTTAGCTT-2,16,16/14/13/12/10/4/3/2/1/0
CTGAGGCGTCAGGAGT-2,16,16/14/13/12/10/4/3/2/1/0
GGTAACTTCAGGTAAA-2,16,16/14/13/12/10/4/3/2/1/0
GTAACCATCAGAGCAG-2,16,16/14/13/12/10/4/3/2/1/0
GTGATGTTCGTTGCCT-2,16,16/14/13/12/10/4/3/2/1/0
TATTGGGCAGAGTCTT-2,16,16/14/13/12/10/4/3/2/1/0
TGAACGTCACGGCGTT-2,16,16/14/13/12/10/4/3/2/1/0
TGGAGGAAGCAGCAGT-2,16,16/14/13/12/10/4/3/2/1/0
TTCATGTCAGGCTACC-2,16,16/14/13/12/10/4/3/2/1/0
TTCTGTATCGCTGTTC-2,16,16/14/13/12/10/4/3/2/1/0
TTGTGGACATCCGTTC-2,16,16/14/13/12/10/4/3/2/1/0
AAAGTGATCAAAGGAT-2,17,17/13/12/10/4/3/2/1/0
AACACACTCGTGCGAC-2,17,17/13/12/10/4/3/2/1/0
AACTTCTCAGCTCGGT-2,17,17/13/12/10/4/3/2/1/0
AAGCATCAGAGGTATT-2,17,17/13/12/10/4/3/2/1/0
ATACTTCTCGGTAACT-2,17,17/13/12/10/4/3/2/1/0
ATAGACCAGTTAGTAG-2,17,17/13/12/10/4/3/2/1/0
ATCACAGCAAATGGAT-2,17,17/13/12/10/4/3/2/1/0
ATGGGTTTCATCAGTG-2,17,17/13/12/10/4/3/2/1/0
CATGCCTAGCGTGCCT-2,17,17/13/12/10/4/3/2/1/0
CGAGTGCCAAGTGGTG-2,17,17/13/12/10/4/3/2/1/0
CTGCAGGAGCTCGAAG-2,17,17/13/12/10/4/3/2/1/0
GACCGTGCAAGCGATG-2,17,17/13/12/10/4/3/2/1/0
GGGTAGACAGTGTACT-2,17,17/13/12/10/4/3/2/1/0
TACATTCTCGAGCTGC-2,17,17/13/12/10/4/3/2/1/0
TACGCTCAGCACCCAC-2,17,17/13/12/10/4/3/2/1/0
TGAGGTTGTCGTACAT-2,17,17/13/12/10/4/3/2/1/0
TGCCGAGCAATTGCTG-2,17,17/13/12/10/4/3/2/1/0
AAAGGATAGCACCGAA-2,17,17/13/12/10/4/3/2/1/0
AACAAGATCGGATACT-2,17,17/13/12/10/4/3/2/1/0
AAGGTAAAGGGCAGGA-2,17,17/13/12/10/4/3/2/1/0
AAGTGAAGTTATGTGC-2,17,17/13/12/10/4/3/2/1/0
AATTTCCGTTTGCAGT-2,17,17/13/12/10/4/3/2/1/0
ACAGCCGCAGGCTCTG-2,17,17/13/12/10/4/3/2/1/0
AGAGAATGTTGGACCC-2,17,17/13/12/10/4/3/2/1/0
ATCATTCAGCTTTGTG-2,17,17/13/12/10/4/3/2/1/0
ATGACCACAGAAGTGC-2,17,17/13/12/10/4/3/2/1/0
CACTTCGAGTACAACA-2,17,17/13/12/10/4/3/2/1/0
CGAGTTAGTTAAGGAT-2,17,17/13/12/10/4/3/2/1/0
CGGGACTAGAAGTCCG-2,17,17/13/12/10/4/3/2/1/0
CGTAGTAGTGTATACC-2,17,17/13/12/10/4/3/2/1/0
CTACTATCAGTACTAC-2,17,17/13/12/10/4/3/2/1/0
CTCAGAAGTGTGAATA-2,17,17/13/12/10/4/3/2/1/0
CTCCTCCAGGCTTAGG-2,17,17/13/12/10/4/3/2/1/0
CTTGAGAAGCCTCTCT-2,17,17/13/12/10/4/3/2/1/0
GATCATGTCCTTTAGT-2,17,17/13/12/10/4/3/2/1/0
GCGGAAAGTAACAGGC-2,17,17/13/12/10/4/3/2/1/0
GGCACGTCATTCATCT-2,17,17/13/12/10/4/3/2/1/0
GGGACCTGTAGATGTA-2,17,17/13/12/10/4/3/2/1/0
GTGACGCGTCAGTCTA-2,17,17/13/12/10/4/3/2/1/0
AATGAAGTCGGCCAAC-2,19,19/18/12/10/4/3/2/1/0
ACGTACAGTAAGCGGT-2,19,19/18/12/10/4/3/2/1/0
AGACAAACAGTCAGCC-2,19,19/18/12/10/4/3/2/1/0
ATGACCACAGATACCT-2,19,19/18/12/10/4/3/2/1/0
ATTCTACCACTGTGTA-2,19,19/18/12/10/4/3/2/1/0
CAACGGCTCGACGTCG-2,19,19/18/12/10/4/3/2/1/0
CCACGAGAGACTAGAT-2,19,19/18/12/10/4/3/2/1/0
CCGCAAGTCTTACGTT-2,19,19/18/12/10/4/3/2/1/0
CCTTTGGAGGCCACTC-2,19,19/18/12/10/4/3/2/1/0
CTCTCAGCAGTCGCTG-2,19,19/18/12/10/4/3/2/1/0
CTGTACCGTATTTCCT-2,19,19/18/12/10/4/3/2/1/0
CTGTAGAGTGGGCTTC-2,19,19/18/12/10/4/3/2/1/0
GATTTCTGTTAAACCC-2,19,19/18/12/10/4/3/2/1/0
GCAACCGCATACAGAA-2,19,19/18/12/10/4/3/2/1/0
GCTACAATCGTGGAAG-2,19,19/18/12/10/4/3/2/1/0
GCTTGGGTCAGATTGC-2,19,19/18/12/10/4/3/2/1/0
GGGACTCCAAGCGAAC-2,19,19/18/12/10/4/3/2/1/0
GTATTTCCATTCACAG-2,19,19/18/12/10/4/3/2/1/0
TATATCCGTTCCACGG-2,19,19/18/12/10/4/3/2/1/0
TTGAACGAGTTGCTCA-2,19,19/18/12/10/4/3/2/1/0
TTTCATGTCCGTTGGG-2,19,19/18/12/10/4/3/2/1/0
AGGTTACGTTCCTACC-2,19,19/18/12/10/4/3/2/1/0
ATCCCTGGTGGTCCCA-2,19,19/18/12/10/4/3/2/1/0
ATCCCTGTCATACAGC-2,19,19/18/12/10/4/3/2/1/0
ATCTCTATCCACACCT-2,19,19/18/12/10/4/3/2/1/0
ATGTCCCCACCCTAAA-2,19,19/18/12/10/4/3/2/1/0
ATTATCCGTATACCTG-2,19,19/18/12/10/4/3/2/1/0
ATTCCATAGTCGAAGC-2,19,19/18/12/10/4/3/2/1/0
CAATGACGTCCGTTTC-2,19,19/18/12/10/4/3/2/1/0
CATCAAGTCCTACTGC-2,19,19/18/12/10/4/3/2/1/0
CCGGTGACAACACAAA-2,19,19/18/12/10/4/3/2/1/0
CTGTAGAAGACGGTTG-2,19,19/18/12/10/4/3/2/1/0
GAGACCCGTAGCTTAC-2,19,19/18/12/10/4/3/2/1/0
GATTTCTAGCTAGATA-2,19,19/18/12/10/4/3/2/1/0
GCAGTTAAGCTCCCTT-2,19,19/18/12/10/4/3/2/1/0
GCGAGAAGTAACACCT-2,19,19/18/12/10/4/3/2/1/0
GGAGATGCAACGGCTC-2,19,19/18/12/10/4/3/2/1/0
GGGAAGTAGAGGCCAT-2,19,19/18/12/10/4/3/2/1/0
GGGCTACAGCACTCGC-2,19,19/18/12/10/4/3/2/1/0
GGGTATTCATACCGTA-2,19,19/18/12/10/4/3/2/1/0
TAACCAGGTAGCACGA-2,19,19/18/12/10/4/3/2/1/0
TATATCCAGTTCATCG-2,19,19/18/12/10/4/3/2/1/0
TCATCCGCAATTGGTC-2,19,19/18/12/10/4/3/2/1/0
TCATGCCGTAGTGTGG-2,19,19/18/12/10/4/3/2/1/0
TCTTAGTTCACGAGGA-2,19,19/18/12/10/4/3/2/1/0
TGTTGAGTCTTAAGGC-2,19,19/18/12/10/4/3/2/1/0
TGTTGAGTCTTGGTCC-2,19,19/18/12/10/4/3/2/1/0
TTGAACGAGCGTCAGA-2,19,19/18/12/10/4/3/2/1/0
TTGACCCCATCCGAAT-2,19,19/18/12/10/4/3/2/1/0
TTTATGCCATACTTTC-2,19,19/18/12/10/4/3/2/1/0
ATTCATCGTACAGTCT-2,19,19/18/12/10/4/3/2/1/0
CCGAACGCACACCGCA-2,19,19/18/12/10/4/3/2/1/0
CTCCACACACTTGGCG-2,19,19/18/12/10/4/3/2/1/0
TCCGATCAGCTGTCCG-2,19,19/18/12/10/4/3/2/1/0
TGGGAAGGTGTTTGCA-2,19,19/18/12/10/4/3/2/1/0
AATTTCCGTACCATAC-2,20,20/18/12/10/4/3/2/1/0
AGCTACACAATAGTGA-2,20,20/18/12/10/4/3/2/1/0
CAACCTCCAGACCGCT-2,20,20/18/12/10/4/3/2/1/0
CACACAATCCACAAGT-2,20,20/18/12/10/4/3/2/1/0
CCTTTGGTCGGCTGTG-2,20,20/18/12/10/4/3/2/1/0
CTTCTCTGTACGATGG-2,20,20/18/12/10/4/3/2/1/0
TAGACTGAGGCGAAGG-2,20,20/18/12/10/4/3/2/1/0
TCGCACTCAAGCTCTA-2,20,20/18/12/10/4/3/2/1/0
TGATTCTCATTCTGTT-2,20,20/18/12/10/4/3/2/1/0
TGCAGTACAGCCGTCA-2,20,20/18/12/10/4/3/2/1/0
TTCCGTGTCCCTCGTA-2,20,20/18/12/10/4/3/2/1/0
TTCCTCTAGACTAAGT-2,20,20/18/12/10/4/3/2/1/0
TTGCTGCCAACCAGAG-2,20,20/18/12/10/4/3/2/1/0
AACCAACTCGTGCGAC-2,20,20/18/12/10/4/3/2/1/0
ACATGCATCATTTGGG-2,20,20/18/12/10/4/3/2/1/0
ACTCCCATCCTCAGAA-2,20,20/18/12/10/4/3/2/1/0
AGACTCACAGCGTACC-2,20,20/18/12/10/4/3/2/1/0
AGGCATTTCTGGTGGC-2,20,20/18/12/10/4/3/2/1/0
ATGTCTTTCGAGAAAT-2,20,20/18/12/10/4/3/2/1/0
ATTCCCGTCGGCTGAC-2,20,20/18/12/10/4/3/2/1/0
CAGCAATCACTCACTC-2,20,20/18/12/10/4/3/2/1/0
CAGGGCTAGGTAAAGG-2,20,20/18/12/10/4/3/2/1/0
CCTCCTCGTGGAACAC-2,20,20/18/12/10/4/3/2/1/0
CTCTCAGAGAAACCAT-2,20,20/18/12/10/4/3/2/1/0
GTGTGATGTTCGTGCG-2,20,20/18/12/10/4/3/2/1/0
GTTTGGAAGACAGTCG-2,20,20/18/12/10/4/3/2/1/0
TATTGCTCACTTGAAC-2,20,20/18/12/10/4/3/2/1/0
TCACGGGAGCCTTGAT-2,20,20/18/12/10/4/3/2/1/0
TCGTGGGCAGTTGCGC-2,20,20/18/12/10/4/3/2/1/0
TGGTAGTTCTCCGAGG-2,20,20/18/12/10/4/3/2/1/0
CCCTGATAGAGGGTCT-1,22,22/21/3/2/1/0
GCACATATCACTTGGA-1,22,22/21/3/2/1/0
GTCGTTCAGGAACGAA-1,22,22/21/3/2/1/0
TACCGGGTCACTGATG-1,22,22/21/3/2/1/0
TGAATGCGTCCCTAAA-1,22,22/21/3/2/1/0
TGGAGAGGTCTTGCGG-1,22,22/21/3/2/1/0
ATCGGCGCATGGTACT-2,22,22/21/3/2/1/0
ACTGTGACAACACGAG-2,22,22/21/3/2/1/0
ATCCACCAGCACGTCC-2,22,22/21/3/2/1/0
CAGATTGGTTTCAGAC-2,22,22/21/3/2/1/0
CCGATCTTCCACGTAA-2,22,22/21/3/2/1/0
GAGGGTACACTATCCC-2,22,22/21/3/2/1/0
GACCCTTGTCGTCATA-1,22,22/21/3/2/1/0
ATTCTTGTCTCAACGA-2,22,22/21/3/2/1/0
GCAGTTAGTATAGGGC-2,22,22/21/3/2/1/0
TGAGCGCTCGCTGTCT-2,22,22/21/3/2/1/0
AAACCCACACCAGTAT-2,22,22/21/3/2/1/0
CACCAAATCGAAGCAG-2,22,22/21/3/2/1/0
CACTGTCTCAGACAAA-2,22,22/21/3/2/1/0
GGGCCATGTTCGGTAT-2,22,22/21/3/2/1/0
AGACCATGTCTTGAGT-2,22,22/21/3/2/1/0
GTCATGAGTACCCACG-2,22,22/21/3/2/1/0
ACCAAACGTATGCGTT-2,22,22/21/3/2/1/0
ACCTGAATCGTGTGAT-2,22,22/21/3/2/1/0
ACTTAGGGTTCGCGTG-2,22,22/21/3/2/1/0
AGTGTTGGTCGGAAAC-2,22,22/21/3/2/1/0
ATGCATGGTCACTACA-2,22,22/21/3/2/1/0
CAGCAATCAGCAGAAC-2,22,22/21/3/2/1/0
CCTCCTCTCTCTAAGG-2,22,22/21/3/2/1/0
CGAGGCTCACCCAAGC-2,22,22/21/3/2/1/0
GAACACTGTTCTCCAC-2,22,22/21/3/2/1/0
GACTGATGTAGGACTG-2,22,22/21/3/2/1/0
GAGACCCTCGGCCTTT-2,22,22/21/3/2/1/0
GATCACAAGGCTCACC-2,22,22/21/3/2/1/0
GCGATCGGTTTGTTGG-2,22,22/21/3/2/1/0
GGAGGTAGTAGAATAC-2,22,22/21/3/2/1/0
GTCGTTCGTTAAACCC-2,22,22/21/3/2/1/0
GTGCTGGAGGGCAAGG-2,22,22/21/3/2/1/0
GTTGCGGAGGTTGACG-2,22,22/21/3/2/1/0
TACTTACTCCAACTGA-2,22,22/21/3/2/1/0
ATGGATCTCACTTGTT-2,22,22/21/3/2/1/0
CATACCCGTTGTTGTG-2,22,22/21/3/2/1/0
CATTTCACAGCACACC-2,22,22/21/3/2/1/0
CTGGCAGAGTTGGAAT-2,22,22/21/3/2/1/0
TAATCTCTCCCAGGAC-2,22,22/21/3/2/1/0
TAGGGTTCAAGTTTGC-2,22,22/21/3/2/1/0
TCTCACGTCGATCCCT-2,22,22/21/3/2/1/0
TTCCGTGTCTTGCAAG-2,22,22/21/3/2/1/0
AACGTCAAGTTGGGAC-2,22,22/21/3/2/1/0
AAGCGTTCATCAGCAT-2,22,22/21/3/2/1/0
AATGGCTCAACCAACT-2,22,22/21/3/2/1/0
ACGTTCCTCGACATCA-2,22,22/21/3/2/1/0
AGGAGGTGTACCGGCT-2,22,22/21/3/2/1/0
ATGGGAGGTGCGCTCA-2,22,22/21/3/2/1/0
ATTATCCGTGCTAGCC-2,22,22/21/3/2/1/0
ATTCACTAGTAGCTCT-2,22,22/21/3/2/1/0
CAACAGTCAAACCATC-2,22,22/21/3/2/1/0
CAGAGCCCAAGCGATG-2,22,22/21/3/2/1/0
CAGTTCCTCCGCGAGT-2,22,22/21/3/2/1/0
CATGGATGTTGGGAAC-2,22,22/21/3/2/1/0
CGAGTTAGTAGACACG-2,22,22/21/3/2/1/0
CGGAACCCACCAAAGG-2,22,22/21/3/2/1/0
CGTTGGGTCTCTGGTC-2,22,22/21/3/2/1/0
CTCAAGAAGCGACTGA-2,22,22/21/3/2/1/0
CTCCATGCACTCCTGT-2,22,22/21/3/2/1/0
CTGTCGTCAAATCGTC-2,22,22/21/3/2/1/0
CTGTGGGTCCGATCGG-2,22,22/21/3/2/1/0
CTTAGGACACCAAAGG-2,22,22/21/3/2/1/0
CTTCTAAAGGGACACT-2,22,22/21/3/2/1/0
GAAGCCCGTTTAGACC-2,22,22/21/3/2/1/0
GAGAGGTAGAAACCCG-2,22,22/21/3/2/1/0
GATCGTACATCGTTCC-2,22,22/21/3/2/1/0
GCGTTTCGTTTACCTT-2,22,22/21/3/2/1/0
GGAGCAATCCAATCTT-2,22,22/21/3/2/1/0
GGGAGTAGTCAGATTC-2,22,22/21/3/2/1/0
GGTGTCGTCGACGCTG-2,22,22/21/3/2/1/0
GGTTAACGTCTAACTG-2,22,22/21/3/2/1/0
GTACAACTCGATCCAA-2,22,22/21/3/2/1/0
GTTAGTGTCCATTTCA-2,22,22/21/3/2/1/0
TACATTCCAGAGTAAT-2,22,22/21/3/2/1/0
TATCTTGCATCGAACT-2,22,22/21/3/2/1/0
TATTTCGAGGCTCACC-2,22,22/21/3/2/1/0
TGAGTCAGTAGTAAGT-2,22,22/21/3/2/1/0
TGATTTCGTCATAACC-2,22,22/21/3/2/1/0
TGGTACAAGTAGCATA-2,22,22/21/3/2/1/0
TGTAAGCCAGCGACCT-2,22,22/21/3/2/1/0
TGTTACTCAGCATACT-2,22,22/21/3/2/1/0
TTCTAGTCAGGTGGAT-2,22,22/21/3/2/1/0
TTCTGTAGTATGTCAC-2,22,22/21/3/2/1/0
TTTGACTGTCGACTTA-2,22,22/21/3/2/1/0
ACAAGCTGTGAAAGTT-2,22,22/21/3/2/1/0
AGCGCTGAGACCGTTT-2,22,22/21/3/2/1/0
AGTACCACAGAAGCGT-2,22,22/21/3/2/1/0
ATTCCATTCCCTGGTT-2,22,22/21/3/2/1/0
ATTCCTACAGACATCT-2,22,22/21/3/2/1/0
CAACGATGTAGATTGA-2,22,22/21/3/2/1/0
CGCGTGAGTACATACC-2,22,22/21/3/2/1/0
CGGACACCAACAGCTT-2,22,22/21/3/2/1/0
CTGTGGGGTTAAGAAC-2,22,22/21/3/2/1/0
GATGATCGTATACGGG-2,22,22/21/3/2/1/0
GTCAAGTAGGGCTAAC-2,22,22/21/3/2/1/0
GTCGTTCAGAAGTCCG-2,22,22/21/3/2/1/0
GTCGTTCAGATGCTAA-2,22,22/21/3/2/1/0
GTGATGTGTCACTCAA-2,22,22/21/3/2/1/0
TAACTTCAGGTGGCTA-2,22,22/21/3/2/1/0
TGTTGGAAGGAACATT-2,22,22/21/3/2/1/0
TTTGTTGTCCGCAACG-2,22,22/21/3/2/1/0
AGCTACATCTACTGAG-2,22,22/21/3/2/1/0
CGTGAATCAAGAATGT-2,22,22/21/3/2/1/0
GCCAACGAGACTTAAG-2,22,22/21/3/2/1/0
GTTAGTGAGCTAGCCC-2,22,22/21/3/2/1/0
TCATGGAGTATCGTTG-2,22,22/21/3/2/1/0
TTGTTCACAGACCAAG-2,22,22/21/3/2/1/0
ACATCCCCATGACGTT-2,22,22/21/3/2/1/0
ACCCAAACACCGCTAG-2,22,22/21/3/2/1/0
AGATGCTCATCACAGT-2,22,22/21/3/2/1/0
AGGTAGGGTAACTTCG-2,22,22/21/3/2/1/0
AGGTTGTAGAGAGTGA-2,22,22/21/3/2/1/0
ATCGTGAAGCAGCGAT-2,22,22/21/3/2/1/0
ATTCTACGTCTGATCA-2,22,22/21/3/2/1/0
CATGCCTCAAGTGGTG-2,22,22/21/3/2/1/0
CCACACTAGAATAGTC-2,22,22/21/3/2/1/0
CGCATAAGTTTCGTGA-2,22,22/21/3/2/1/0
CTGCGAGCACCACATA-2,22,22/21/3/2/1/0
GAACTGTTCATCTCTA-2,22,22/21/3/2/1/0
GAATCGTTCCTTGACC-2,22,22/21/3/2/1/0
GACCCAGGTAGGTTTC-2,22,22/21/3/2/1/0
GAGTGAGCAGATGCGA-2,22,22/21/3/2/1/0
GCAGGCTTCATCAGTG-2,22,22/21/3/2/1/0
GCTACCTAGTAAACTG-2,22,22/21/3/2/1/0
GTCGAATAGTGGAAAG-2,22,22/21/3/2/1/0
GTTGCTCAGTCACGCC-2,22,22/21/3/2/1/0
GTTTGGATCTAGACCA-2,22,22/21/3/2/1/0
TATTGGGAGTTAACAG-2,22,22/21/3/2/1/0
TCCTCCCCATCGTGCG-2,22,22/21/3/2/1/0
TGACAGTCATTGAGCT-2,22,22/21/3/2/1/0
TGCGACGTCCAGTTCC-2,22,22/21/3/2/1/0
TGGTACAAGGTAATCA-2,22,22/21/3/2/1/0
TGTTCTACATATACCG-2,22,22/21/3/2/1/0
TTCACCGTCCCAGGCA-2,22,22/21/3/2/1/0
TTCTGTAGTTTCTATC-2,22,22/21/3/2/1/0
TTTACGTAGTAGTCTC-2,22,22/21/3/2/1/0
AACAAGATCGGTAAGG-2,25,25/24/23/21/3/2/1/0
ACACGCGTCGTTCGCT-2,25,25/24/23/21/3/2/1/0
ACTGTGAGTTCAAACC-2,25,25/24/23/21/3/2/1/0
ACTTTCAGTCGATTCA-2,25,25/24/23/21/3/2/1/0
AGGATAATCTGACGCG-2,25,25/24/23/21/3/2/1/0
ATGAAAGCACAAAGCG-2,25,25/24/23/21/3/2/1/0
ATGGAGGCACATGTTG-2,25,25/24/23/21/3/2/1/0
ATTATCCAGCTAATCC-2,25,25/24/23/21/3/2/1/0
CAAGACTTCGTACCTC-2,25,25/24/23/21/3/2/1/0
CACAGGCGTCGCTCGA-2,25,25/24/23/21/3/2/1/0
CAGTTAGTCGCAGTCG-2,25,25/24/23/21/3/2/1/0
CCTCTCCGTCCCAAAT-2,25,25/24/23/21/3/2/1/0
CCTTTGGAGTGATTCC-2,25,25/24/23/21/3/2/1/0
CTCTCAGGTCGTGCCA-2,25,25/24/23/21/3/2/1/0
CTGGACGGTATGATCC-2,25,25/24/23/21/3/2/1/0
CTTCTCTAGCGCCATC-2,25,25/24/23/21/3/2/1/0
GAGGGATCAGGCGTTC-2,25,25/24/23/21/3/2/1/0
GATAGAAAGTGAGTTA-2,25,25/24/23/21/3/2/1/0
GATGCTAAGTGTCATC-2,25,25/24/23/21/3/2/1/0
GCAGCCAGTTGCGAAG-2,25,25/24/23/21/3/2/1/0
GGAGATGAGTTCTACG-2,25,25/24/23/21/3/2/1/0
GGGAAGTAGGCCTTGC-2,25,25/24/23/21/3/2/1/0
TACGGTACACGGCACT-2,25,25/24/23/21/3/2/1/0
TGGAACTAGGTTCTAC-2,25,25/24/23/21/3/2/1/0
TTCACCGAGGGATCGT-2,25,25/24/23/21/3/2/1/0
ACGTTCCGTAACATCC-2,25,25/24/23/21/3/2/1/0
AGCCACGAGCGTATAA-2,25,25/24/23/21/3/2/1/0
ATCACGAAGGCGTTGA-2,25,25/24/23/21/3/2/1/0
CACCAAATCAAGTGGG-2,25,25/24/23/21/3/2/1/0
CATGCTCTCTAGTGTG-2,25,25/24/23/21/3/2/1/0
CTCATGCAGATACCAA-2,25,25/24/23/21/3/2/1/0
GCAACATTCTCGGTAA-2,25,25/24/23/21/3/2/1/0
GCCAGGTCACTCCCTA-2,25,25/24/23/21/3/2/1/0
GCCCAGAGTCAAAGCG-2,25,25/24/23/21/3/2/1/0
GCGGAAACAGCAGATG-2,25,25/24/23/21/3/2/1/0
GTGGGAATCTGGAAGG-2,25,25/24/23/21/3/2/1/0
TACACCCTCCTTTAGT-2,25,25/24/23/21/3/2/1/0
TACATTCAGACATCCT-2,25,25/24/23/21/3/2/1/0
TCACGGGAGCCAAGGT-2,25,25/24/23/21/3/2/1/0
TCGTCCACACGCCACA-2,25,25/24/23/21/3/2/1/0
TCGTGCTTCGGAGTAG-2,25,25/24/23/21/3/2/1/0
TGAGACTAGCGCCCAT-2,25,25/24/23/21/3/2/1/0
TGCGGGTCAGAGTCTT-2,25,25/24/23/21/3/2/1/0
TGCTCCAGTTGGGATG-2,25,25/24/23/21/3/2/1/0
TGTACAGAGCAAACAT-2,25,25/24/23/21/3/2/1/0
TGTTACTCACGCTATA-2,25,25/24/23/21/3/2/1/0
TTGGGTAAGCTATCCA-2,25,25/24/23/21/3/2/1/0
ACCCAAAGTGGTCTGC-2,26,26/24/23/21/3/2/1/0
AGCTTCCGTACTCGCG-2,26,26/24/23/21/3/2/1/0
AGGCTGCTCACCTGTC-2,26,26/24/23/21/3/2/1/0
AGTCTCCAGTGCCCGT-2,26,26/24/23/21/3/2/1/0
ATCTTCAGTTGTGCAT-2,26,26/24/23/21/3/2/1/0
ATTCATCCATTCAGGT-2,26,26/24/23/21/3/2/1/0
CACTGAATCGGCCCAA-2,26,26/24/23/21/3/2/1/0
CAGGCCACAAGCGCAA-2,26,26/24/23/21/3/2/1/0
CTATAGGAGCCACTCG-2,26,26/24/23/21/3/2/1/0
CTGTACCTCGGAAGGT-2,26,26/24/23/21/3/2/1/0
CTTTCAACACGCGTGT-2,26,26/24/23/21/3/2/1/0
GCTTGGGCAAGGTCAG-2,26,26/24/23/21/3/2/1/0
GGTAATCGTGCAATAA-2,26,26/24/23/21/3/2/1/0
GTCTCACCACGTCGTG-2,26,26/24/23/21/3/2/1/0
TAGGGTTAGTCGGCCT-2,26,26/24/23/21/3/2/1/0
TATCTGTGTAAGGCTG-2,26,26/24/23/21/3/2/1/0
TCAAGACAGTTCCTGA-2,26,26/24/23/21/3/2/1/0
TGCGGCATCGTCCTTG-2,26,26/24/23/21/3/2/1/0
TGGGCGTCAGTTCCAA-2,26,26/24/23/21/3/2/1/0
TTCTTGAGTTAGAGTA-2,26,26/24/23/21/3/2/1/0
TTGTGTTTCAGTAGGG-2,26,26/24/23/21/3/2/1/0
TTTGGAGCAGTGTGCC-2,26,26/24/23/21/3/2/1/0
AAAGGGCAGGACGGAG-2,26,26/24/23/21/3/2/1/0
AACCCAAGTAGGGAGG-2,26,26/24/23/21/3/2/1/0
AATGGCTGTCCGAAAG-2,26,26/24/23/21/3/2/1/0
ACCGTTCTCACTGAAC-2,26,26/24/23/21/3/2/1/0
ACGGTCGAGTTGTACC-2,26,26/24/23/21/3/2/1/0
ATAGAGATCTCGCCTA-2,26,26/24/23/21/3/2/1/0
CAACAGTGTCTTGTCC-2,26,26/24/23/21/3/2/1/0
CATTTCATCTCTGGTC-2,26,26/24/23/21/3/2/1/0
CCGTTCAAGCAATAGT-2,26,26/24/23/21/3/2/1/0
CGGAGAATCGCCGAAC-2,26,26/24/23/21/3/2/1/0
CGTGAATGTTGGAGGT-2,26,26/24/23/21/3/2/1/0
CTACAGAAGTGGATAT-2,26,26/24/23/21/3/2/1/0
CTATCTATCGCGCCAA-2,26,26/24/23/21/3/2/1/0
GATCATGGTGTCCATA-2,26,26/24/23/21/3/2/1/0
GCACATATCTTCGGTC-2,26,26/24/23/21/3/2/1/0
GCCGATGTCTCTCGAC-2,26,26/24/23/21/3/2/1/0
GCTGAATCAGTGCGCT-2,26,26/24/23/21/3/2/1/0
GGCTTTCCATGAGGGT-2,26,26/24/23/21/3/2/1/0
GTTTACTAGCGTATAA-2,26,26/24/23/21/3/2/1/0
TACCCACGTTGTGGCC-2,26,26/24/23/21/3/2/1/0
TACCGGGAGGTTGAGC-2,26,26/24/23/21/3/2/1/0
TGATGCAAGGACTTCT-2,26,26/24/23/21/3/2/1/0
TGTGCGGTCGTGGCGT-2,26,26/24/23/21/3/2/1/0
TTAATCCTCCCGAAAT-2,26,26/24/23/21/3/2/1/0
AAACGAAAGTGCCCGT-2,26,26/24/23/21/3/2/1/0
ACGGTTATCCCGAAAT-2,26,26/24/23/21/3/2/1/0
AGACACTTCTCCAAGA-2,26,26/24/23/21/3/2/1/0
AGATAGATCGTGTTCC-2,26,26/24/23/21/3/2/1/0
ATGCCTCCAGTTCACA-2,26,26/24/23/21/3/2/1/0
CACGTTCCAATCCAGT-2,26,26/24/23/21/3/2/1/0
CATCCCACATCCCGTT-2,26,26/24/23/21/3/2/1/0
CATGCGGGTATTAAGG-2,26,26/24/23/21/3/2/1/0
CCATAAGCAACCCGCA-2,26,26/24/23/21/3/2/1/0
CGATGGCGTCCACTCT-2,26,26/24/23/21/3/2/1/0
CGTCAAAGTTGTGTTG-2,26,26/24/23/21/3/2/1/0
CGTTCTGGTATGAAAC-2,26,26/24/23/21/3/2/1/0
CTCCACAGTATCTCTT-2,26,26/24/23/21/3/2/1/0
CTCCTTTCAGCTCATA-2,26,26/24/23/21/3/2/1/0
GAAGGGTGTTGCATAC-2,26,26/24/23/21/3/2/1/0
GACCCTTAGCAACTTC-2,26,26/24/23/21/3/2/1/0
GACGCTGCACAGCTTA-2,26,26/24/23/21/3/2/1/0
GATGAGGTCCATCCGT-2,26,26/24/23/21/3/2/1/0
GCACGGTTCTAACACG-2,26,26/24/23/21/3/2/1/0
GGAATGGTCCACATAG-2,26,26/24/23/21/3/2/1/0
GGGTTATCAACAGCCC-2,26,26/24/23/21/3/2/1/0
GTCCCATCATTGCAAC-2,26,26/24/23/21/3/2/1/0
TAATTCCCAGCTGGTC-2,26,26/24/23/21/3/2/1/0
TCACTATTCCCAATAG-2,26,26/24/23/21/3/2/1/0
TCATATCTCCAACTGA-2,26,26/24/23/21/3/2/1/0
TCCGGGACATGCGTGC-2,26,26/24/23/21/3/2/1/0
TCGATTTGTCGGAACA-2,26,26/24/23/21/3/2/1/0
TGGGTTAGTAGAGCTG-2,26,26/24/23/21/3/2/1/0
AATGGCTCACGTGAGA-2,28,28/27/23/21/3/2/1/0
ACGCACGCATCGTTCC-2,28,28/27/23/21/3/2/1/0
ACTCTCGCATCTTAGG-2,28,28/27/23/21/3/2/1/0
AGGCATTCAGATCATC-2,28,28/27/23/21/3/2/1/0
AGGCTGCAGCCTATTG-2,28,28/27/23/21/3/2/1/0
CGTCAAAAGTGATGGC-2,28,28/27/23/21/3/2/1/0
CTCCATGTCAGCGTCG-2,28,28/27/23/21/3/2/1/0
GAGACCCCATTGCTGA-2,28,28/27/23/21/3/2/1/0
TACCTCGAGGCTAGCA-2,28,28/27/23/21/3/2/1/0
TCAAGACCAGCAAGAC-2,28,28/27/23/21/3/2/1/0
TCAGTCCGTGAGTTGG-2,28,28/27/23/21/3/2/1/0
TGGGCGTAGCCATTTG-2,28,28/27/23/21/3/2/1/0
TGGTTAGGTTCTCCTG-2,28,28/27/23/21/3/2/1/0
TGTCCCACAGTCCCGA-2,28,28/27/23/21/3/2/1/0
AACCTTTTCGGCAGTC-2,28,28/27/23/21/3/2/1/0
AAGACAACATCGATGT-2,28,28/27/23/21/3/2/1/0
AAGTTCGAGCTAGAGC-2,28,28/27/23/21/3/2/1/0
AGTGTTGAGTCTAGAA-2,28,28/27/23/21/3/2/1/0
CAGATTGCAATGCAGG-2,28,28/27/23/21/3/2/1/0
CTGATCCTCCAGTTCC-2,28,28/27/23/21/3/2/1/0
GGGAAGTCAAATCGTC-2,28,28/27/23/21/3/2/1/0
GGGCTACTCGCAATGT-2,28,28/27/23/21/3/2/1/0
GGTGGCTAGATGAAGG-2,28,28/27/23/21/3/2/1/0
GTTAGTGTCTTCGCTG-2,28,28/27/23/21/3/2/1/0
GTTGCTCCATAATGCC-2,28,28/27/23/21/3/2/1/0
TCAAGCATCGACGACC-2,28,28/27/23/21/3/2/1/0
TCGTCCATCCGCTTAC-2,28,28/27/23/21/3/2/1/0
AAACCCAGTCACCTTC-2,28,28/27/23/21/3/2/1/0
AACAACCAGGTTTGAA-2,28,28/27/23/21/3/2/1/0
AACCTGACACATATGC-2,28,28/27/23/21/3/2/1/0
ACTATCTCACGCGTGT-2,28,28/27/23/21/3/2/1/0
AGACAGGTCTCCTGCA-2,28,28/27/23/21/3/2/1/0
AGAGAATAGTATAGAC-2,28,28/27/23/21/3/2/1/0
AGCGATTAGAGATTCA-2,28,28/27/23/21/3/2/1/0
AGGTTGTTCGCCTCTA-2,28,28/27/23/21/3/2/1/0
ATATCCTTCGGTCGAC-2,28,28/27/23/21/3/2/1/0
ATCAGGTTCCTCGCAT-2,28,28/27/23/21/3/2/1/0
CAGCGTGTCTGAGTCA-2,28,28/27/23/21/3/2/1/0
CATACCCGTAAGATTG-2,28,28/27/23/21/3/2/1/0
CATACCCTCCTCGATC-2,28,28/27/23/21/3/2/1/0
CATGAGTTCCGCGATG-2,28,28/27/23/21/3/2/1/0
CCATCACTCCCAAGTA-2,28,28/27/23/21/3/2/1/0
CCTCATGGTAACGGTG-2,28,28/27/23/21/3/2/1/0
GAGGGATGTCCCAAAT-2,28,28/27/23/21/3/2/1/0
GAGTGTTTCTATCGGA-2,28,28/27/23/21/3/2/1/0
GATGATCTCGTAGTGT-2,28,28/27/23/21/3/2/1/0
GCATCGGTCGAGTCTA-2,28,28/27/23/21/3/2/1/0
GCTGAATCACCACATA-2,28,28/27/23/21/3/2/1/0
GTTATGGGTTGCTCCT-2,28,28/27/23/21/3/2/1/0
TCACAAGAGTCGAGGT-2,28,28/27/23/21/3/2/1/0
TCATTTGTCGGAATTC-2,28,28/27/23/21/3/2/1/0
TCGTGCTCACCTGAAT-2,28,28/27/23/21/3/2/1/0
TGTTTGTTCCGCTAGG-2,28,28/27/23/21/3/2/1/0
TTACCGCCAGGTGTTT-2,28,28/27/23/21/3/2/1/0
TTACGCCCATTGCCGG-2,28,28/27/23/21/3/2/1/0
TTTAGTCCAGTCGGTC-2,28,28/27/23/21/3/2/1/0
TTTGGAGTCCTCTCGA-2,28,28/27/23/21/3/2/1/0
ACACAGTTCCCTGGTT-2,29,29/27/23/21/3/2/1/0
ACGTACAAGGGTTTCT-2,29,29/27/23/21/3/2/1/0
AGACCCGAGTTGCCTA-2,29,29/27/23/21/3/2/1/0
AGGTAGGTCGTGCACG-2,29,29/27/23/21/3/2/1/0
CAATGACGTATGTCTG-2,29,29/27/23/21/3/2/1/0
CATGAGTTCACTCTTA-2,29,29/27/23/21/3/2/1/0
CCAATGAGTTTCTTAC-2,29,29/27/23/21/3/2/1/0
CCTCAACAGGGCAGAG-2,29,29/27/23/21/3/2/1/0
CCTCATGGTACATTGC-2,29,29/27/23/21/3/2/1/0
CCTGCATAGTTGCTGT-2,29,29/27/23/21/3/2/1/0
CTCACTGGTAACGGTG-2,29,29/27/23/21/3/2/1/0
CTCGAGGTCCGTAGGC-2,29,29/27/23/21/3/2/1/0
GACATCAAGGTTTACC-2,29,29/27/23/21/3/2/1/0
GCTTTCGAGGTCATCT-2,29,29/27/23/21/3/2/1/0
GGTCTGGAGCAGCCTC-2,29,29/27/23/21/3/2/1/0
GTACAGTGTGATACAA-2,29,29/27/23/21/3/2/1/0
GTGGCGTCATCGTTCC-2,29,29/27/23/21/3/2/1/0
TATCCTAGTCGCACAC-2,29,29/27/23/21/3/2/1/0
TCATCATAGGCACCAA-2,29,29/27/23/21/3/2/1/0
TCATGGACATACTGAC-2,29,29/27/23/21/3/2/1/0
TCCATGCTCACGGGAA-2,29,29/27/23/21/3/2/1/0
TCCGGGATCTGTCCGT-2,29,29/27/23/21/3/2/1/0
TCCTCGATCTCTGCTG-2,29,29/27/23/21/3/2/1/0
TGGCGTGCACGCCACA-2,29,29/27/23/21/3/2/1/0
TGGTAGTCAAACTAAG-2,29,29/27/23/21/3/2/1/0
TGGTGATGTGCATACT-2,29,29/27/23/21/3/2/1/0
TGTTCCGGTAAGTCAA-2,29,29/27/23/21/3/2/1/0
TTCCGGTGTAACAGTA-2,29,29/27/23/21/3/2/1/0
TTTGTTGGTAAGACCG-2,29,29/27/23/21/3/2/1/0
AAACCCAGTGGAACAC-2,29,29/27/23/21/3/2/1/0
AACCAACAGTTCTCTT-2,29,29/27/23/21/3/2/1/0
AGACTCATCGCCGTGA-2,29,29/27/23/21/3/2/1/0
AGGAATAAGTACAACA-2,29,29/27/23/21/3/2/1/0
AGGACGAGTACCTAAC-2,29,29/27/23/21/3/2/1/0
AGTCTCCTCCACAGGC-2,29,29/27/23/21/3/2/1/0
CCCTTAGGTCCCAAAT-2,29,29/27/23/21/3/2/1/0
CGGAGAAGTGATGGCA-2,29,29/27/23/21/3/2/1/0
GTGTTAGAGCACCAGA-2,29,29/27/23/21/3/2/1/0
TACTGCCGTAGACTGG-2,29,29/27/23/21/3/2/1/0
TATTGCTTCGCATAGT-2,29,29/27/23/21/3/2/1/0
TCCTCCCTCTCCATAT-2,29,29/27/23/21/3/2/1/0
TCCTGCAGTAGTAAGT-2,29,29/27/23/21/3/2/1/0
TGGGAGATCTCCGTGT-2,29,29/27/23/21/3/2/1/0
TGTGGCGTCCCTTGTG-2,29,29/27/23/21/3/2/1/0
AGATAGACACTGGAAG-2,29,29/27/23/21/3/2/1/0
ATCACGAGTTACGCCG-2,29,29/27/23/21/3/2/1/0
ATTCAGGAGAGAGGGC-2,29,29/27/23/21/3/2/1/0
ATTCCCGAGATCACCT-2,29,29/27/23/21/3/2/1/0
CAACGATCAGGCTTGC-2,29,29/27/23/21/3/2/1/0
CCCTAACCAAATACGA-2,29,29/27/23/21/3/2/1/0
CGGTCAGGTGAACCGA-2,29,29/27/23/21/3/2/1/0
GAGAGGTGTGAAAGTT-2,29,29/27/23/21/3/2/1/0
GATTGGTAGAGTTCGG-2,29,29/27/23/21/3/2/1/0
GCCATTCGTCGCACAC-2,29,29/27/23/21/3/2/1/0
GGCTTGGCAAAGCAAT-2,29,29/27/23/21/3/2/1/0
GGGACCTAGGTCATAA-2,29,29/27/23/21/3/2/1/0
GTAACCAGTGACGTCC-2,29,29/27/23/21/3/2/1/0
GTAGTACGTCTTGAGT-2,29,29/27/23/21/3/2/1/0
GTCTAGAGTATCGCAT-2,29,29/27/23/21/3/2/1/0
TATTCCAAGCTCCCTT-2,29,29/27/23/21/3/2/1/0
TCGTCCATCACTTGTT-2,29,29/27/23/21/3/2/1/0
TCTGCCAGTACGATTC-2,29,29/27/23/21/3/2/1/0
TCTTTGATCTGCAGCG-2,29,29/27/23/21/3/2/1/0
TGCAGGCGTTCGGGTC-2,29,29/27/23/21/3/2/1/0
TGGAGAGTCGTTTACT-2,29,29/27/23/21/3/2/1/0
TTACCGCAGATGGGCT-2,29,29/27/23/21/3/2/1/0
TTGCGTCAGTCGCGAA-2,29,29/27/23/21/3/2/1/0
ACTTAGGTCTTGCAAG-2,32,32/31/30/2/1/0
CAATGACTCAGCAATC-2,32,32/31/30/2/1/0
CATTCTAAGAATTGTG-2,32,32/31/30/2/1/0
CCGATCTAGCGAGTAC-2,32,32/31/30/2/1/0
CCTAACCTCATTGAGC-2,32,32/31/30/2/1/0
CCTCAGTAGGACACTG-2,32,32/31/30/2/1/0
GAAGGGTGTTCGGCTG-2,32,32/31/30/2/1/0
GACTATGAGCAAGTGC-2,32,32/31/30/2/1/0
GATAGCTGTTTAAGGA-2,32,32/31/30/2/1/0
GGGTATTGTATGAGGC-2,32,32/31/30/2/1/0
TAACCAGCAGGCGATA-2,32,32/31/30/2/1/0
TACAGGTGTATCAGCT-2,32,32/31/30/2/1/0
TCTTAGTTCATCGTAG-2,32,32/31/30/2/1/0
ATGGTTGTCAGTAGGG-2,32,32/31/30/2/1/0
CACCAAATCTCTCGAC-2,32,32/31/30/2/1/0
GAGTCATGTGTTTACG-2,32,32/31/30/2/1/0
GTACAGTTCTGCGGCA-2,32,32/31/30/2/1/0
GTGAGCCTCTACGCAA-2,32,32/31/30/2/1/0
TGGATCAGTGGTCTGC-2,32,32/31/30/2/1/0
AACAGGGCATTCACAG-2,32,32/31/30/2/1/0
AATAGAGTCCAGCCTT-2,32,32/31/30/2/1/0
AATCACGTCCTATTTG-2,32,32/31/30/2/1/0
AATGACCCAACCAACT-2,32,32/31/30/2/1/0
ACCACAAGTCGAGTTT-2,32,32/31/30/2/1/0
ACTTTGTAGTGAGGCT-2,32,32/31/30/2/1/0
AGACCATAGTCATACC-2,32,32/31/30/2/1/0
AGATAGACACTATCCC-2,32,32/31/30/2/1/0
AGCGCTGAGTGAGGTC-2,32,32/31/30/2/1/0
AGTAACCGTATGACAA-2,32,32/31/30/2/1/0
ATAGACCAGTTAGTGA-2,32,32/31/30/2/1/0
ATCATTCCAGTATTCG-2,32,32/31/30/2/1/0
ATCGTCCTCTTCCAGC-2,32,32/31/30/2/1/0
CACTGTCGTAGCGATG-2,32,32/31/30/2/1/0
CGAAGTTGTATGCTAC-2,32,32/31/30/2/1/0
CGGTCAGCAACTTGGT-2,32,32/31/30/2/1/0
CTAGACATCGTTGTTT-2,32,32/31/30/2/1/0
CTGAGGCTCTATCACT-2,32,32/31/30/2/1/0
CTTTCGGTCAGGAGAC-2,32,32/31/30/2/1/0
GACTCAATCAACTGGT-2,32,32/31/30/2/1/0
GGGTGAAGTAGGACCA-2,32,32/31/30/2/1/0
GTACAGTCAGCCCACA-2,32,32/31/30/2/1/0
GTAGGTTAGGACAGCT-2,32,32/31/30/2/1/0
GTGCGTGTCTCGTGAA-2,32,32/31/30/2/1/0
GTTAGTGTCTGTCAGA-2,32,32/31/30/2/1/0
TCTGGCTTCTGTGCAA-2,32,32/31/30/2/1/0
TCTTAGTCAGCGTTTA-2,32,32/31/30/2/1/0
TGATGCAAGTCTCGTA-2,32,32/31/30/2/1/0
TGGATCAGTACGCGTC-2,32,32/31/30/2/1/0
TGGCGTGGTTCGGCTG-2,32,32/31/30/2/1/0
TGTCAGACAATTGCTG-2,32,32/31/30/2/1/0
TTCCACGTCCGCGGAT-1,33,33/31/30/2/1/0
CCCGAAGAGTGGGAAA-2,33,33/31/30/2/1/0
GCACGTGGTTTACTGG-2,33,33/31/30/2/1/0
TCCCATGGTACAAGCG-2,33,33/31/30/2/1/0
AACGGGATCTACCTTA-2,33,33/31/30/2/1/0
AATGAAGCAGCTGTAT-2,33,33/31/30/2/1/0
AGTAACCGTCACATTG-2,33,33/31/30/2/1/0
CTAGGTAAGTGGAATT-2,33,33/31/30/2/1/0
GAAGCCCCACCTTCGT-2,33,33/31/30/2/1/0
TTCATTGTCCTACCAC-2,33,33/31/30/2/1/0
ATAGACCCAGACAAGC-2,33,33/31/30/2/1/0
CATGCCTCAAATGGAT-2,33,33/31/30/2/1/0
CTACAGAAGCCTCCAG-2,33,33/31/30/2/1/0
CTCAGAAGTTATGTGC-2,33,33/31/30/2/1/0
CTGCCATGTAGACAAT-2,33,33/31/30/2/1/0
GAGTGTTCATCGTGCG-2,33,33/31/30/2/1/0
AATTCCTTCTTTCCAA-2,33,33/31/30/2/1/0
AGCGATTCATTCATCT-2,33,33/31/30/2/1/0
ATAGAGATCCCTCTCC-2,33,33/31/30/2/1/0
ATTACTCAGAAATTGC-2,33,33/31/30/2/1/0
ATTATCCAGAACTTCC-2,33,33/31/30/2/1/0
CATCGCTGTTGAGTCT-2,33,33/31/30/2/1/0
CCCTGATCACAAAGCG-2,33,33/31/30/2/1/0
CTTCTCTAGTCGGGAT-2,33,33/31/30/2/1/0
GATGCTATCCGATGCG-2,33,33/31/30/2/1/0
GGTTGTATCGCCTAGG-2,33,33/31/30/2/1/0
TCTTTGAAGAGGGTAA-2,33,33/31/30/2/1/0
AATGGAAGTAGATTAG-2,33,33/31/30/2/1/0
CACCGTTTCGGTCAGC-2,33,33/31/30/2/1/0
CACGTGGAGCGGATCA-2,33,33/31/30/2/1/0
CTATCTAGTTCATCTT-2,33,33/31/30/2/1/0
CTGTATTCACAACGTT-2,33,33/31/30/2/1/0
GAAACCTAGGGCCTCT-2,33,33/31/30/2/1/0
GATCAGTTCAAATAGG-2,33,33/31/30/2/1/0
GGATGTTTCGGAGTAG-2,33,33/31/30/2/1/0
GTAAGTCGTTGTGTTG-2,33,33/31/30/2/1/0
GTTGCTCGTTACCTGA-2,33,33/31/30/2/1/0
TACGTCCGTTGGTAGG-2,33,33/31/30/2/1/0
TATTGGGTCCTTCTTC-2,33,33/31/30/2/1/0
TTCTAGTTCCCTTCCC-2,33,33/31/30/2/1/0
GTGGAGATCCTATGGA-1,34,34/30/2/1/0
TTCTTGAAGTGAGGCT-1,34,34/30/2/1/0
GAACGTTCATAGATCC-2,34,34/30/2/1/0
TCGGGACAGCAATTAG-2,34,34/30/2/1/0
TGAGCGCTCCGACGGT-2,34,34/30/2/1/0
TTTCACACATGGGATG-2,34,34/30/2/1/0
ATGAAAGCAACGGCTC-2,34,34/30/2/1/0
CACGAATGTTGGAGAC-2,34,34/30/2/1/0
CGCATGGTCATCTATC-2,34,34/30/2/1/0
AATAGAGAGTCGCGAA-2,34,34/30/2/1/0
AGCTTCCTCTACTTCA-2,34,34/30/2/1/0
CCCTCTCCACAATGTC-2,34,34/30/2/1/0
CTAACTTTCTGTCGTC-2,34,34/30/2/1/0
CTATCTATCAGGAAAT-2,34,34/30/2/1/0
GAGTCTAAGCCTAGGA-2,34,34/30/2/1/0
GGGTAGATCTCATGGA-2,34,34/30/2/1/0
GGTTAACCAATACGCT-2,34,34/30/2/1/0
GTAGATCGTCGCAACC-2,34,34/30/2/1/0
GTGTTCCGTCTTGTCC-2,34,34/30/2/1/0
TAACGACAGGCCACTC-2,34,34/30/2/1/0
TACCTGCCATTCAGGT-2,34,34/30/2/1/0
TCAGCAAAGTATTAGG-2,34,34/30/2/1/0
TGTTTGTGTGTGTCCG-2,34,34/30/2/1/0
TTACAGGAGTACCCTA-2,34,34/30/2/1/0
ACCATTTAGTCTGCGC-2,34,34/30/2/1/0
ACTTAGGAGGATGTTA-2,34,34/30/2/1/0
AGGGAGTTCACCTTGC-2,34,34/30/2/1/0
CATCGGGAGGTTCATC-2,34,34/30/2/1/0
CCATCACCAGGTAGTG-2,34,34/30/2/1/0
CCCTGATCATGAGAAT-2,34,34/30/2/1/0
CCTCACATCACGATCA-2,34,34/30/2/1/0
CGAAGTTGTACTGACT-2,34,34/30/2/1/0
CGAATTGCATGTCAGT-2,34,34/30/2/1/0
CGTCAAAAGAAGCGAA-2,34,34/30/2/1/0
CGTTAGATCTACCTTA-2,34,34/30/2/1/0
CTGCCATAGCCTAACT-2,34,34/30/2/1/0
GATGATCAGTCGTCTA-2,34,34/30/2/1/0
GCAACATAGCCTGACC-2,34,34/30/2/1/0
GCTGGGTTCAAGAGGC-2,34,34/30/2/1/0
GGCGTCATCTCTTGCG-2,34,34/30/2/1/0
GGCTTTCAGAGAGTGA-2,34,34/30/2/1/0
GGGAAGTGTTCCGCAG-2,34,34/30/2/1/0
GTGTTCCTCTCCTGCA-2,34,34/30/2/1/0
GTTGCGGCACAGAGAC-2,34,34/30/2/1/0
TAAGCCAGTGCCGAAA-2,34,34/30/2/1/0
TCCCATGTCCATACAG-2,34,34/30/2/1/0
TCCTCCCGTTATGTGC-2,34,34/30/2/1/0
TCGCACTAGTACAGCG-2,34,34/30/2/1/0
TCTCTGGTCTACTCAT-2,34,34/30/2/1/0
TCTTCCTAGTGGACGT-2,34,34/30/2/1/0
AGCGTATTCTACGGGC-2,34,34/30/2/1/0
CATACAGCATGACTTG-2,34,34/30/2/1/0
CCGATGGAGATGCTGG-2,34,34/30/2/1/0
CTTCCGACACGTGTGC-2,34,34/30/2/1/0
GTTGTCCTCTCGACGG-2,34,34/30/2/1/0
TCATTACTCTTAATCC-2,34,34/30/2/1/0
TGCACGGCATCAGTGT-2,34,34/30/2/1/0
TGGTAGTCAAACTGCT-2,34,34/30/2/1/0
TTGCCTGAGGTGGTTG-2,34,34/30/2/1/0
AATGCCAGTCCTCATC-2,34,34/30/2/1/0
AGAAGTACATCCTCAC-2,34,34/30/2/1/0
ATCCCTGCACAAGCAG-2,34,34/30/2/1/0
ATCGTGACACCCTAGG-2,34,34/30/2/1/0
ATTCTTGGTAGGACCA-2,34,34/30/2/1/0
CAAGGGACAATCTGCA-2,34,34/30/2/1/0
CGATGCGAGCCGAATG-2,34,34/30/2/1/0
CTGGCAGCATTCCTCG-2,34,34/30/2/1/0
GAGGCAACAAGATCCT-2,34,34/30/2/1/0
GTAAGTCCATCCCACT-2,34,34/30/2/1/0
GTCAGCGGTTAGGGAC-2,34,34/30/2/1/0
TACCCGTGTTGCGAAG-2,34,34/30/2/1/0
TAGGAGGAGGGTGGGA-2,34,34/30/2/1/0
TCCCATGCACGTACAT-2,34,34/30/2/1/0
TGATGCAGTAAGATCA-2,34,34/30/2/1/0
TGATTCTCATCCTATT-2,34,34/30/2/1/0
TGCACGGAGAACAAGG-2,34,34/30/2/1/0
TGCAGGCAGACCTCCG-2,34,34/30/2/1/0
TGCTTCGCAAAGCTAA-2,34,34/30/2/1/0
TGGTACAAGAGCTGCA-2,34,34/30/2/1/0
TGTAGACGTTGACTAC-2,34,34/30/2/1/0
TTCGATTCATAATGCC-2,34,34/30/2/1/0
AAGGAATAGGCGAAGG-1,40,40/39/38/37/36/35/1/0
ACTTAGGTCTGAGAAA-1,40,40/39/38/37/36/35/1/0
AGAACAAGTCCGAAGA-1,40,40/39/38/37/36/35/1/0
AGACACTCATGAGATA-1,40,40/39/38/37/36/35/1/0
AGAGCCCTCCTACCGT-1,40,40/39/38/37/36/35/1/0
AGCGCTGGTGTAAACA-1,40,40/39/38/37/36/35/1/0
AGGGCTCGTGAAAGTT-1,40,40/39/38/37/36/35/1/0
AGTCTCCTCAGCTTCC-1,40,40/39/38/37/36/35/1/0
ATACTTCGTGTTACTG-1,40,40/39/38/37/36/35/1/0
ATCGGCGGTTCAGGTT-1,40,40/39/38/37/36/35/1/0
ATGCATGTCAACTCTT-1,40,40/39/38/37/36/35/1/0
ATGGGAGCAAATTGCC-1,40,40/39/38/37/36/35/1/0
ATTCGTTTCCAGTTCC-1,40,40/39/38/37/36/35/1/0
CAATCGATCCGATGCG-1,40,40/39/38/37/36/35/1/0
CAGGGCTAGTCGGCAA-1,40,40/39/38/37/36/35/1/0
CATGAGTTCCAACTAG-1,40,40/39/38/37/36/35/1/0
CATTGCCTCACTCTTA-1,40,40/39/38/37/36/35/1/0
CCCTCAATCCCATAAG-1,40,40/39/38/37/36/35/1/0
CCGATCTTCGTGCGAC-1,40,40/39/38/37/36/35/1/0
CCTCCAAGTCAAATCC-1,40,40/39/38/37/36/35/1/0
CGACAGCCAGCTTTGA-1,40,40/39/38/37/36/35/1/0
CGGGACTAGGAAGTAG-1,40,40/39/38/37/36/35/1/0
CTCCTTTGTATGACAA-1,40,40/39/38/37/36/35/1/0
CTGTCGTTCGTCTAAG-1,40,40/39/38/37/36/35/1/0
GACAGCCTCCTGGCTT-1,40,40/39/38/37/36/35/1/0
GACATCAAGCTACTGT-1,40,40/39/38/37/36/35/1/0
GACCAATTCGCGAAGA-1,40,40/39/38/37/36/35/1/0
GAGACCCGTACACGCC-1,40,40/39/38/37/36/35/1/0
GAGGGTACAGTAACCT-1,40,40/39/38/37/36/35/1/0
GATGCTATCCCGTAAA-1,40,40/39/38/37/36/35/1/0
GCACGTGCACCCAACG-1,40,40/39/38/37/36/35/1/0
GCAGTTACATGTGGTT-1,40,40/39/38/37/36/35/1/0
GGGAAGTGTCCCGCAA-1,40,40/39/38/37/36/35/1/0
GGGACTCCAGGTGGAT-1,40,40/39/38/37/36/35/1/0
GTCAAACGTATGCTTG-1,40,40/39/38/37/36/35/1/0
GTCACTCCATAATCCG-1,40,40/39/38/37/36/35/1/0
GTCCTCAGTGGCAGAT-1,40,40/39/38/37/36/35/1/0
GTGAGTTCATGACTAC-1,40,40/39/38/37/36/35/1/0
GTTTGGAAGAACGTGC-1,40,40/39/38/37/36/35/1/0
TAACACGAGAAATTGC-1,40,40/39/38/37/36/35/1/0
TAACACGGTGCATTTG-1,40,40/39/38/37/36/35/1/0
TACCCGTGTCCTCCAT-1,40,40/39/38/37/36/35/1/0
TCAAGTGAGAAGGATG-1,40,40/39/38/37/36/35/1/0
TCACTCGAGCGTGTTT-1,40,40/39/38/37/36/35/1/0
TCCGATCTCCCGTAAA-1,40,40/39/38/37/36/35/1/0
TCCGTGTTCTCCAAGA-1,40,40/39/38/37/36/35/1/0
TCCTAATCAAGTCATC-1,40,40/39/38/37/36/35/1/0
TCCTCGACACAGTCAT-1,40,40/39/38/37/36/35/1/0
TCTATACCATGCCGAC-1,40,40/39/38/37/36/35/1/0
TCTTTGAAGACGCCAA-1,40,40/39/38/37/36/35/1/0
TTCACCGCATTCCTCG-1,40,40/39/38/37/36/35/1/0
TTCTCTCCAAGACGAC-1,40,40/39/38/37/36/35/1/0
TTGTTCAAGAAACTCA-1,40,40/39/38/37/36/35/1/0
TTGTTCAAGCCAGAGT-1,40,40/39/38/37/36/35/1/0
AACCATGTCTTCGGAA-1,41,41/39/38/37/36/35/1/0
AACCTTTCATCTCATT-1,41,41/39/38/37/36/35/1/0
AAGACAAAGAGGTGCT-1,41,41/39/38/37/36/35/1/0
ACACGCGGTCAACCAT-1,41,41/39/38/37/36/35/1/0
AGAGAATAGCAACCAG-1,41,41/39/38/37/36/35/1/0
AGATGCTAGGTTGAGC-1,41,41/39/38/37/36/35/1/0
AGCCACGGTATTAAGG-1,41,41/39/38/37/36/35/1/0
AGCGTATGTCTGGTTA-1,41,41/39/38/37/36/35/1/0
AGTGTTGGTATTCCTT-1,41,41/39/38/37/36/35/1/0
CACTAAGCAGGTCTCG-1,41,41/39/38/37/36/35/1/0
CAGAGCCGTCCGTACG-1,41,41/39/38/37/36/35/1/0
CAGCCAGAGTGGATTA-1,41,41/39/38/37/36/35/1/0
CATCAAGCAGAGAGGG-1,41,41/39/38/37/36/35/1/0
CATGCCTCACTGGATT-1,41,41/39/38/37/36/35/1/0
CCCGAAGGTCATAGTC-1,41,41/39/38/37/36/35/1/0
CCTCAGTTCCACGGAC-1,41,41/39/38/37/36/35/1/0
CGAGTTATCAGCTTGA-1,41,41/39/38/37/36/35/1/0
CGGTCAGCAAACCACT-1,41,41/39/38/37/36/35/1/0
CGTTAGAGTATTTCGG-1,41,41/39/38/37/36/35/1/0
CTATCCGTCCTCTCTT-1,41,41/39/38/37/36/35/1/0
CTCATCGCAGTCAGCC-1,41,41/39/38/37/36/35/1/0
CTGGCAGAGCGGTAAC-1,41,41/39/38/37/36/35/1/0
CTGTAGATCACCGGTG-1,41,41/39/38/37/36/35/1/0
CTGTCGTCACTCGATA-1,41,41/39/38/37/36/35/1/0
CTGTGAAAGCTCATAC-1,41,41/39/38/37/36/35/1/0
GAACTGTTCTGGTGCG-1,41,41/39/38/37/36/35/1/0
GACAGCCTCAGAATAG-1,41,41/39/38/37/36/35/1/0
GACTCAAGTGATACCT-1,41,41/39/38/37/36/35/1/0
GATCATGTCAGCATTG-1,41,41/39/38/37/36/35/1/0
GATGGAGCATCCGAGC-1,41,41/39/38/37/36/35/1/0
GCACTAACACGTCATA-1,41,41/39/38/37/36/35/1/0
GCCGTGAAGGAGAGTA-1,41,41/39/38/37/36/35/1/0
GCCGTGAAGTGAATAC-1,41,41/39/38/37/36/35/1/0
GCTCAAAGTGGTTTGT-1,41,41/39/38/37/36/35/1/0
GGCAGTCCACGTTGGC-1,41,41/39/38/37/36/35/1/0
GGCGTCACACGTCTCT-1,41,41/39/38/37/36/35/1/0
GGCTTTCAGTCACGAG-1,41,41/39/38/37/36/35/1/0
GGGTCACCACTCATAG-1,41,41/39/38/37/36/35/1/0
GGTGGCTTCGGAGATG-1,41,41/39/38/37/36/35/1/0
GTAAGTCAGAGCAGCT-1,41,41/39/38/37/36/35/1/0
GTCACGGGTTAGGACG-1,41,41/39/38/37/36/35/1/0
GTCACGGTCATTACGG-1,41,41/39/38/37/36/35/1/0
GTCTACCGTTCTGACA-1,41,41/39/38/37/36/35/1/0
GTCTAGAGTGTGCTTA-1,41,41/39/38/37/36/35/1/0
GTGCAGCCAAGTGCTT-1,41,41/39/38/37/36/35/1/0
GTGGCGTTCCGGTAAT-1,41,41/39/38/37/36/35/1/0
GTGGTTAAGAACGTGC-1,41,41/39/38/37/36/35/1/0
TCACAAGAGACGGAAA-1,41,41/39/38/37/36/35/1/0
TCCCATGAGCACTAGG-1,41,41/39/38/37/36/35/1/0
TCCGAAACACGTACTA-1,41,41/39/38/37/36/35/1/0
TCGACCTCACGGATCC-1,41,41/39/38/37/36/35/1/0
TCTACATCACCTGCAG-1,41,41/39/38/37/36/35/1/0
TCTGCCATCACCATAG-1,41,41/39/38/37/36/35/1/0
TTCGGTCAGGAGTATT-1,41,41/39/38/37/36/35/1/0
TTCTTGAGTCGAGATG-1,41,41/39/38/37/36/35/1/0
TTGCATTCAGAGGAAA-1,41,41/39/38/37/36/35/1/0
TTGGATGTCGACATAC-1,41,41/39/38/37/36/35/1/0
ACAACCATCATCGCTC-1,41,41/39/38/37/36/35/1/0
ACATCGAAGACGACGT-1,41,41/39/38/37/36/35/1/0
AGAAGTACAAGTACCT-1,41,41/39/38/37/36/35/1/0
AGTACTGGTGGAAGTC-1,41,41/39/38/37/36/35/1/0
CCTCAGTGTCTCCCTA-1,41,41/39/38/37/36/35/1/0
CGAGGCTTCCAAATGC-1,41,41/39/38/37/36/35/1/0
CGCAGGTCACCGGTCA-1,41,41/39/38/37/36/35/1/0
CTCCCAACAATGTCTG-1,41,41/39/38/37/36/35/1/0
GAGTCATCAGTGACCC-1,41,41/39/38/37/36/35/1/0
GATGATCCACCCGTAG-1,41,41/39/38/37/36/35/1/0
GATGTTGTCACCATGA-1,41,41/39/38/37/36/35/1/0
GCACGTGGTAAGATCA-1,41,41/39/38/37/36/35/1/0
GGTTAACCATTCAGCA-1,41,41/39/38/37/36/35/1/0
GTGTGATCATCCCACT-1,41,41/39/38/37/36/35/1/0
TACCTCGTCGGTCATA-1,41,41/39/38/37/36/35/1/0
TATACCTAGTTTGGCT-1,41,41/39/38/37/36/35/1/0
TATTGCTCATGTGGTT-1,41,41/39/38/37/36/35/1/0
TCGCAGGTCACGACTA-1,41,41/39/38/37/36/35/1/0
TGAGCATTCTCTATAC-1,41,41/39/38/37/36/35/1/0
TGTAACGAGCTAATGA-1,41,41/39/38/37/36/35/1/0
TGTTCATGTGGACCTC-1,41,41/39/38/37/36/35/1/0
TTAGTCTAGGACAGTC-1,41,41/39/38/37/36/35/1/0
AAGATAGTCGCGTGAC-1,43,43/42/38/37/36/35/1/0
ACACAGTCACACACGC-1,43,43/42/38/37/36/35/1/0
ACAGCCGCAGAGACTG-1,43,43/42/38/37/36/35/1/0
ACTATCTCAGGTACGA-1,43,43/42/38/37/36/35/1/0
ACTATCTTCAACTACG-1,43,43/42/38/37/36/35/1/0
ATTTCTGGTTTGGGAG-1,43,43/42/38/37/36/35/1/0
CAAAGAAAGACGATAT-1,43,43/42/38/37/36/35/1/0
CACTGTCAGTCACGCC-1,43,43/42/38/37/36/35/1/0
CATGAGTGTCGAAGCA-1,43,43/42/38/37/36/35/1/0
CGGGCATTCTAGCCAA-1,43,43/42/38/37/36/35/1/0
CTAACCCCATTCAGCA-1,43,43/42/38/37/36/35/1/0
GACCGTGAGTACGTCT-1,43,43/42/38/37/36/35/1/0
GATTCTTAGTAGGGTC-1,43,43/42/38/37/36/35/1/0
GCACGTGCAGAGTTCT-1,43,43/42/38/37/36/35/1/0
GCCCAGATCACCGACG-1,43,43/42/38/37/36/35/1/0
GCCCGAAAGTACCCTA-1,43,43/42/38/37/36/35/1/0
GCGTTTCCACAGCTGC-1,43,43/42/38/37/36/35/1/0
GCTGGGTTCCGGCAGT-1,43,43/42/38/37/36/35/1/0
GGCTTGGCAAGTACCT-1,43,43/42/38/37/36/35/1/0
GGCTTTCTCGCTACGG-1,43,43/42/38/37/36/35/1/0
GGGTCACGTGCACGCT-1,43,43/42/38/37/36/35/1/0
GGGTCTGTCGCACTCT-1,43,43/42/38/37/36/35/1/0
GTCGTAAGTGCCGAAA-1,43,43/42/38/37/36/35/1/0
GTGGCGTAGCGTGTCC-1,43,43/42/38/37/36/35/1/0
TAACCAGGTAGTTACC-1,43,43/42/38/37/36/35/1/0
TACTTACAGGCCTGCT-1,43,43/42/38/37/36/35/1/0
TACTTGTGTCTACAAC-1,43,43/42/38/37/36/35/1/0
TAGACCAGTGACCGAA-1,43,43/42/38/37/36/35/1/0
TAGTGCACATTCTGTT-1,43,43/42/38/37/36/35/1/0
TATTCCACAGCTGCCA-1,43,43/42/38/37/36/35/1/0
TCAGTCCGTGCAGATG-1,43,43/42/38/37/36/35/1/0
TCATTACCAACCGTGC-1,43,43/42/38/37/36/35/1/0
TCCGATCTCCTTATAC-1,43,43/42/38/37/36/35/1/0
TGAGTCATCCCGTTCA-1,43,43/42/38/37/36/35/1/0
TGGGATTTCTCGACCT-1,43,43/42/38/37/36/35/1/0
ACAACCAGTCCTCAGG-1,43,43/42/38/37/36/35/1/0
ACATCGAGTCACCTTC-1,43,43/42/38/37/36/35/1/0
AGACCCGAGCAACCAG-1,43,43/42/38/37/36/35/1/0
AGGGCTCGTATCACCA-1,43,43/42/38/37/36/35/1/0
CACTTCGTCGGTCTGG-1,43,43/42/38/37/36/35/1/0
CCCGGAAAGTTGAAGT-1,43,43/42/38/37/36/35/1/0
CTACTATTCCGCAAAT-1,43,43/42/38/37/36/35/1/0
GATCACATCGAGAGCA-1,43,43/42/38/37/36/35/1/0
GCGTGCAGTACGATGG-1,43,43/42/38/37/36/35/1/0
GGGTTTATCGTGCATA-1,43,43/42/38/37/36/35/1/0
GGTGTCGAGAACCGCA-1,43,43/42/38/37/36/35/1/0
GTCACGGTCCACGGGT-1,43,43/42/38/37/36/35/1/0
GTGTCCTAGACAAGCC-1,43,43/42/38/37/36/35/1/0
GTGTCCTCATACTGTG-1,43,43/42/38/37/36/35/1/0
TACACCCGTTCTCAGA-1,43,43/42/38/37/36/35/1/0
TAGGAGGGTATCACCA-1,43,43/42/38/37/36/35/1/0
TGAACGTAGAGTCAGC-1,43,43/42/38/37/36/35/1/0
TGAGTCAAGCTAATCC-1,43,43/42/38/37/36/35/1/0
TGTACAGCAACCTAAC-1,43,43/42/38/37/36/35/1/0
TGTGTGAGTCGGAAAC-1,43,43/42/38/37/36/35/1/0
TTAGGCACATCGTCCT-1,43,43/42/38/37/36/35/1/0
TTCAGGATCCTCATAT-1,43,43/42/38/37/36/35/1/0
TTCCGTGAGCCTGTGC-1,43,43/42/38/37/36/35/1/0
TTGAGTGTCCGATGCG-1,43,43/42/38/37/36/35/1/0
TTGGATGTCGTTGTAG-1,43,43/42/38/37/36/35/1/0
TTTCACAGTGGCTAGA-1,43,43/42/38/37/36/35/1/0
TTTGGAGAGGCTAACG-1,43,43/42/38/37/36/35/1/0
AAAGTGAGTTCCTAAG-1,44,44/42/38/37/36/35/1/0
AAGATAGTCTACACTT-1,44,44/42/38/37/36/35/1/0
AAGGTAAGTAGACACG-1,44,44/42/38/37/36/35/1/0
AAGTGAAAGGAACTCG-1,44,44/42/38/37/36/35/1/0
ACACAGTCACGGCGTT-1,44,44/42/38/37/36/35/1/0
ACCTACCAGAAACTGT-1,44,44/42/38/37/36/35/1/0
ACGGTCGAGTTGCGCC-1,44,44/42/38/37/36/35/1/0
ACGGTTATCTACACTT-1,44,44/42/38/37/36/35/1/0
ACGTACAGTATAATGG-1,44,44/42/38/37/36/35/1/0
ATTCTTGTCGTTGTAG-1,44,44/42/38/37/36/35/1/0
CAATACGTCTTTACAC-1,44,44/42/38/37/36/35/1/0
CAGATTGAGCATGAAT-1,44,44/42/38/37/36/35/1/0
CATAAGCTCTATCGTT-1,44,44/42/38/37/36/35/1/0
CATTGAGAGGGAGAAT-1,44,44/42/38/37/36/35/1/0
CTACCTGAGTGGAAGA-1,44,44/42/38/37/36/35/1/0
CTAGGTACATGAAGCG-1,44,44/42/38/37/36/35/1/0
CTGCCATAGAGTATAC-1,44,44/42/38/37/36/35/1/0
CTGCTCAGTTAATGAG-1,44,44/42/38/37/36/35/1/0
GACTCTCCATACAGCT-1,44,44/42/38/37/36/35/1/0
GACTGATCAATGTCAC-1,44,44/42/38/37/36/35/1/0
GAGTTTGAGGGTACAC-1,44,44/42/38/37/36/35/1/0
GATCCCTCAATAGGAT-1,44,44/42/38/37/36/35/1/0
GCAGCTGTCATCGGGC-1,44,44/42/38/37/36/35/1/0
GCCAACGAGGATCATA-1,44,44/42/38/37/36/35/1/0
GCCAACGGTTAAGACA-1,44,44/42/38/37/36/35/1/0
GGAACCCGTGGCGCTT-1,44,44/42/38/37/36/35/1/0
GGGAAGTCAGAGGTTG-1,44,44/42/38/37/36/35/1/0
GGGATCCAGAGCACTG-1,44,44/42/38/37/36/35/1/0
GGGTAGATCCTGTAGA-1,44,44/42/38/37/36/35/1/0
GGTCACGGTATGGTTC-1,44,44/42/38/37/36/35/1/0
GTAACACTCGCAATGT-1,44,44/42/38/37/36/35/1/0
GTATTGGCATCCAATG-1,44,44/42/38/37/36/35/1/0
GTCATCCGTAAGCAAT-1,44,44/42/38/37/36/35/1/0
GTGGAAGAGGCTCAAG-1,44,44/42/38/37/36/35/1/0
GTTATGGCACATTGTG-1,44,44/42/38/37/36/35/1/0
TACACCCCAATGTCTG-1,44,44/42/38/37/36/35/1/0
TACCGGGTCTTCACGC-1,44,44/42/38/37/36/35/1/0
TATCTTGCACAAGTTC-1,44,44/42/38/37/36/35/1/0
TCATCATAGATGTTAG-1,44,44/42/38/37/36/35/1/0
TCATTACGTGAATTGA-1,44,44/42/38/37/36/35/1/0
TCATTTGTCTCTGAGA-1,44,44/42/38/37/36/35/1/0
TCCACCACAGTGTATC-1,44,44/42/38/37/36/35/1/0
TCCGATCAGCATAGGC-1,44,44/42/38/37/36/35/1/0
TCCGGGATCCTCAGGG-1,44,44/42/38/37/36/35/1/0
TCTACATTCCCAGTGG-1,44,44/42/38/37/36/35/1/0
TCTTAGTCAAGCAGGT-1,44,44/42/38/37/36/35/1/0
TGATGGTCATCGGTTA-1,44,44/42/38/37/36/35/1/0
TGCATGAGTAAGCTCT-1,44,44/42/38/37/36/35/1/0
TGGTTAGAGAGAGCCT-1,44,44/42/38/37/36/35/1/0
TGTAACGTCTCTCAAT-1,44,44/42/38/37/36/35/1/0
TGTCAGATCGCTGCGA-1,44,44/42/38/37/36/35/1/0
TTACGCCCAAATGGTA-1,44,44/42/38/37/36/35/1/0
TTCCTCTAGGACAAGA-1,44,44/42/38/37/36/35/1/0
TTGCATTAGACGATAT-1,44,44/42/38/37/36/35/1/0
AAAGAACCAGGACATG-1,47,47/46/45/37/36/35/1/0
AAAGTCCAGTCACTAC-1,47,47/46/45/37/36/35/1/0
AACCTTTAGTTTAGGA-1,47,47/46/45/37/36/35/1/0
AAGTACCTCTAAGAAG-1,47,47/46/45/37/36/35/1/0
AATGACCTCAGCTGAT-1,47,47/46/45/37/36/35/1/0
ACAAGCTAGTAAGCAT-1,47,47/46/45/37/36/35/1/0
ACCATTTAGACGCATG-1,47,47/46/45/37/36/35/1/0
ACGATCACACCAACAT-1,47,47/46/45/37/36/35/1/0
AGAGAGCAGGTCATAA-1,47,47/46/45/37/36/35/1/0
AGCGTCGCACCTCTGT-1,47,47/46/45/37/36/35/1/0
AGGAATATCTTGCAGA-1,47,47/46/45/37/36/35/1/0
AGGACTTGTAGTCTTG-1,47,47/46/45/37/36/35/1/0
AGTCTCCGTCATAACC-1,47,47/46/45/37/36/35/1/0
ATCACGATCATTCTTG-1,47,47/46/45/37/36/35/1/0
ATGGGTTGTATTCCGA-1,47,47/46/45/37/36/35/1/0
ATGTCTTTCTCACTCG-1,47,47/46/45/37/36/35/1/0
ATTCCTAAGATGGCGT-1,47,47/46/45/37/36/35/1/0
ATTGTTCCAGTAACCT-1,47,47/46/45/37/36/35/1/0
CACAGATGTGAGAACC-1,47,47/46/45/37/36/35/1/0
CACTAAGTCCCTCATG-1,47,47/46/45/37/36/35/1/0
CAGGGCTTCTGTCTCG-1,47,47/46/45/37/36/35/1/0
CAGGTATCAACACGTT-1,47,47/46/45/37/36/35/1/0
CCACGTTAGGTAGATT-1,47,47/46/45/37/36/35/1/0
CCGGTGACACGAGGTA-1,47,47/46/45/37/36/35/1/0
CCTCACATCGTGTGGC-1,47,47/46/45/37/36/35/1/0
CGTGAATCAAGGGTCA-1,47,47/46/45/37/36/35/1/0
CTCCCTCTCGGCAGTC-1,47,47/46/45/37/36/35/1/0
CTCCTCCCAGAGACTG-1,47,47/46/45/37/36/35/1/0
CTGAGGCTCGGACGTC-1,47,47/46/45/37/36/35/1/0
GACCCTTTCACTCACC-1,47,47/46/45/37/36/35/1/0
GAGTTGTAGATCCTAC-1,47,47/46/45/37/36/35/1/0
GATCCCTCAACGGCTC-1,47,47/46/45/37/36/35/1/0
GCACGGTTCCAACTAG-1,47,47/46/45/37/36/35/1/0
GCCTGTTAGCAGTAAT-1,47,47/46/45/37/36/35/1/0
GCGATCGCATGATAGA-1,47,47/46/45/37/36/35/1/0
GGAGGTATCCGAGTGC-1,47,47/46/45/37/36/35/1/0
GGGCTACTCTCGACGG-1,47,47/46/45/37/36/35/1/0
GGGCTCATCCTACAAG-1,47,47/46/45/37/36/35/1/0
GGTTAACCAAGATGGC-1,47,47/46/45/37/36/35/1/0
GTAATGCGTCACTACA-1,47,47/46/45/37/36/35/1/0
GTCAAGTGTTGACGGA-1,47,47/46/45/37/36/35/1/0
GTGCTGGCACAGCCTG-1,47,47/46/45/37/36/35/1/0
GTTAGACGTTAAACAG-1,47,47/46/45/37/36/35/1/0
TACCGGGCAACTTGGT-1,47,47/46/45/37/36/35/1/0
TAGGAGGGTGACACGA-1,47,47/46/45/37/36/35/1/0
TATCAGGTCACTGCTC-1,47,47/46/45/37/36/35/1/0
TATTGCTAGGCGAAGG-1,47,47/46/45/37/36/35/1/0
TCAGCAACACTGAGTT-1,47,47/46/45/37/36/35/1/0
TCATTTGAGGATTCAA-1,47,47/46/45/37/36/35/1/0
TCCTAATTCACTAGCA-1,47,47/46/45/37/36/35/1/0
TCGTCCAAGGTCATAA-1,47,47/46/45/37/36/35/1/0
TCTTTGAGTCTCAAGT-1,47,47/46/45/37/36/35/1/0
TGAACGTGTATCGAAA-1,47,47/46/45/37/36/35/1/0
TGCAGGCGTGGACTGA-1,47,47/46/45/37/36/35/1/0
TGTTTGTGTTCCACGG-1,47,47/46/45/37/36/35/1/0
TTACAGGCATGGACAG-1,47,47/46/45/37/36/35/1/0
TTCCAATAGCATAGGC-1,47,47/46/45/37/36/35/1/0
TTCCTTCAGACGGATC-1,47,47/46/45/37/36/35/1/0
TTCGGTCTCAAGAATG-1,47,47/46/45/37/36/35/1/0
TTGACCCTCGATACGT-1,47,47/46/45/37/36/35/1/0
TTGCCTGAGAGTGACC-1,47,47/46/45/37/36/35/1/0
TTTGGTTAGTAATCCC-1,47,47/46/45/37/36/35/1/0
AACCAACAGAGATTCA-1,48,48/46/45/37/36/35/1/0
ACAAGCTTCTACCACC-1,48,48/46/45/37/36/35/1/0
ACACCAATCGAGCACC-1,48,48/46/45/37/36/35/1/0
ACAGAAAAGCTAGAGC-1,48,48/46/45/37/36/35/1/0
ACAGGGAGTGATACAA-1,48,48/46/45/37/36/35/1/0
ACCGTTCCAAGCGATG-1,48,48/46/45/37/36/35/1/0
ACCTACCCAGTCGTTA-1,48,48/46/45/37/36/35/1/0
ACTCCCAGTAGATCGG-1,48,48/46/45/37/36/35/1/0
ACTTCGCAGGGCTTCC-1,48,48/46/45/37/36/35/1/0
AGATCCAGTCGTGTTA-1,48,48/46/45/37/36/35/1/0
AGGTAGGAGGCAGTCA-1,48,48/46/45/37/36/35/1/0
AGGTCATTCTTAGCAG-1,48,48/46/45/37/36/35/1/0
AGGTTGTCAGCGTACC-1,48,48/46/45/37/36/35/1/0
ATGAAAGCATCGCTAA-1,48,48/46/45/37/36/35/1/0
ATGAAAGGTATGACAA-1,48,48/46/45/37/36/35/1/0
ATGTCCCGTGGCTACC-1,48,48/46/45/37/36/35/1/0
ATTACTCGTGATGTAA-1,48,48/46/45/37/36/35/1/0
ATTCAGGAGTTCATGC-1,48,48/46/45/37/36/35/1/0
CAATGACTCAACGCTA-1,48,48/46/45/37/36/35/1/0
CACAACAGTCCGATCG-1,48,48/46/45/37/36/35/1/0
CACCGTTCAGGACATG-1,48,48/46/45/37/36/35/1/0
CAGCAATTCCATGATG-1,48,48/46/45/37/36/35/1/0
CATTTCATCCATGAGT-1,48,48/46/45/37/36/35/1/0
CCGATGGTCCGCGATG-1,48,48/46/45/37/36/35/1/0
CCTCATGAGGTGGTTG-1,48,48/46/45/37/36/35/1/0
CGATGGCGTGGAAATT-1,48,48/46/45/37/36/35/1/0
CTAGACAAGTGGTTAA-1,48,48/46/45/37/36/35/1/0
CTCAGAATCGTTGTAG-1,48,48/46/45/37/36/35/1/0
CTGCAGGAGAAGTCCG-1,48,48/46/45/37/36/35/1/0
CTGCTCATCACACGAT-1,48,48/46/45/37/36/35/1/0
GAAGCGACAGCGACAA-1,48,48/46/45/37/36/35/1/0
GACCCTTCAATCGAAA-1,48,48/46/45/37/36/35/1/0
GAGTTGTGTAGGTACG-1,48,48/46/45/37/36/35/1/0
GATTCGATCATCCCGT-1,48,48/46/45/37/36/35/1/0
GCATGATCACTGAGTT-1,48,48/46/45/37/36/35/1/0
GCCATTCTCACAGTGT-1,48,48/46/45/37/36/35/1/0
GGACGTCAGCTTCATG-1,48,48/46/45/37/36/35/1/0
GGAGGTAAGAAGGATG-1,48,48/46/45/37/36/35/1/0
GGAGGTATCAAGCCTA-1,48,48/46/45/37/36/35/1/0
GGATCTAAGAAGTCAT-1,48,48/46/45/37/36/35/1/0
GGTCACGGTGGCCTCA-1,48,48/46/45/37/36/35/1/0
GTAATCGTCGAATGCT-1,48,48/46/45/37/36/35/1/0
GTAGGAGAGCATATGA-1,48,48/46/45/37/36/35/1/0
GTCACGGGTCTTGTCC-1,48,48/46/45/37/36/35/1/0
GTGATGTAGGCACAAC-1,48,48/46/45/37/36/35/1/0
GTGGCGTCACTTCATT-1,48,48/46/45/37/36/35/1/0
GTTACAGCAAGCGGAT-1,48,48/46/45/37/36/35/1/0
GTTAGACTCCATGATG-1,48,48/46/45/37/36/35/1/0
GTTCCGTGTTCCTAGA-1,48,48/46/45/37/36/35/1/0
TACCGGGAGGTAAGAG-1,48,48/46/45/37/36/35/1/0
TAGACTGGTTGCTGAT-1,48,48/46/45/37/36/35/1/0
TCACGCTAGATTGGGC-1,48,48/46/45/37/36/35/1/0
TCCCACAGTCAATCTG-1,48,48/46/45/37/36/35/1/0
TCGAACACAAGGTTGG-1,48,48/46/45/37/36/35/1/0
TCGCACTGTAGTACGG-1,48,48/46/45/37/36/35/1/0
TCTAACTCATGAATCC-1,48,48/46/45/37/36/35/1/0
TCTGTCGAGGTAAGTT-1,48,48/46/45/37/36/35/1/0
TGAATGCCATGTGGTT-1,48,48/46/45/37/36/35/1/0
TGACAGTCACACAGAG-1,48,48/46/45/37/36/35/1/0
TGCCGAGCAGGCCCTA-1,48,48/46/45/37/36/35/1/0
TGGGATTAGCGTATAA-1,48,48/46/45/37/36/35/1/0
TGGTTAGCAGTAGTTC-1,48,48/46/45/37/36/35/1/0
TGGTTAGTCTCGGTAA-1,48,48/46/45/37/36/35/1/0
TGTTGGAGTAGCGTTT-1,48,48/46/45/37/36/35/1/0
TGTTTGTAGTTCCGGC-1,48,48/46/45/37/36/35/1/0
TTAGGCAAGAGAAGGT-1,48,48/46/45/37/36/35/1/0
TTTGACTTCGTTCAGA-1,48,48/46/45/37/36/35/1/0
AATCACGAGGAGATAG-1,50,50/49/45/37/36/35/1/0
ACGTAGTCATCATGAC-1,50,50/49/45/37/36/35/1/0
ACTCCCAAGGGCGAAG-1,50,50/49/45/37/36/35/1/0
AGGTAGGCATGTGGCC-1,50,50/49/45/37/36/35/1/0
ATAGAGATCTCATTTG-1,50,50/49/45/37/36/35/1/0
ATCGTGACAGCACACC-1,50,50/49/45/37/36/35/1/0
ATCTCTAAGTGTGTTC-1,50,50/49/45/37/36/35/1/0
CAAGACTGTAGTCGGA-1,50,50/49/45/37/36/35/1/0
CAATTTCAGTCACAGG-1,50,50/49/45/37/36/35/1/0
CATCCACGTCATAGTC-1,50,50/49/45/37/36/35/1/0
CATTGTTAGAAATTCG-1,50,50/49/45/37/36/35/1/0
CCACGAGAGACCATAA-1,50,50/49/45/37/36/35/1/0
CTCATGCAGTCTGTAC-1,50,50/49/45/37/36/35/1/0
GAAGAATGTATCGCGC-1,50,50/49/45/37/36/35/1/0
GCTACAAGTGGATTTC-1,50,50/49/45/37/36/35/1/0
GGAAGTGAGCTGACCC-1,50,50/49/45/37/36/35/1/0
GGGTTATGTCACTTAG-1,50,50/49/45/37/36/35/1/0
GGTTCTCGTACATTGC-1,50,50/49/45/37/36/35/1/0
GTAAGTCAGCGTCAGA-1,50,50/49/45/37/36/35/1/0
TAACCAGAGAAACTAC-1,50,50/49/45/37/36/35/1/0
TAAGCACGTAGGCTGA-1,50,50/49/45/37/36/35/1/0
TCACAAGCAATTAGGA-1,50,50/49/45/37/36/35/1/0
TCAGTCCGTGGAACCA-1,50,50/49/45/37/36/35/1/0
TGATGGTGTCATAAAG-1,50,50/49/45/37/36/35/1/0
TGTAAGCTCCTTCTAA-1,50,50/49/45/37/36/35/1/0
TGTACAGAGGATATGT-1,50,50/49/45/37/36/35/1/0
TGTGTGACAGCCGGTT-1,50,50/49/45/37/36/35/1/0
TGTTGGAAGTGATAGT-1,50,50/49/45/37/36/35/1/0
TTCCTAAGTCTTAGTG-1,50,50/49/45/37/36/35/1/0
TTCTTCCGTCTTTATC-1,50,50/49/45/37/36/35/1/0
CTCTCAGCAGCTTCGG-1,50,50/49/45/37/36/35/1/0
GTTTACTCAGGTGTTT-1,50,50/49/45/37/36/35/1/0
TCAGCCTTCGCCTAGG-1,50,50/49/45/37/36/35/1/0
CACTGTCAGCCGTCGT-1,50,50/49/45/37/36/35/1/0
GGTGGCTTCGTCCTTG-1,50,50/49/45/37/36/35/1/0
GTAGGTTGTAACCCTA-1,50,50/49/45/37/36/35/1/0
AACAACCCATGTGACT-1,51,51/49/45/37/36/35/1/0
AAGTGAATCCTCAGAA-1,51,51/49/45/37/36/35/1/0
ACAAGCTTCATTGAGC-1,51,51/49/45/37/36/35/1/0
ACCAAACCATTGGGAG-1,51,51/49/45/37/36/35/1/0
ACGGTTACAGCGGTTC-1,51,51/49/45/37/36/35/1/0
ACGTAACAGCGTCAAG-1,51,51/49/45/37/36/35/1/0
ACGTTCCTCCAACTGA-1,51,51/49/45/37/36/35/1/0
AGATGCTTCAGCGCAC-1,51,51/49/45/37/36/35/1/0
ATCATTCTCTGTTCAT-1,51,51/49/45/37/36/35/1/0
ATTCCATAGACATAAC-1,51,51/49/45/37/36/35/1/0
CAAGAGGGTTGTTGCA-1,51,51/49/45/37/36/35/1/0
CACAGATCAGGAAGTC-1,51,51/49/45/37/36/35/1/0
CGAGGCTTCCCATACC-1,51,51/49/45/37/36/35/1/0
CTGATCCAGCCGTTGC-1,51,51/49/45/37/36/35/1/0
CTTCCGATCGCGGACT-1,51,51/49/45/37/36/35/1/0
GCAGTTAGTAGGGAGG-1,51,51/49/45/37/36/35/1/0
GCATGATAGCAAATGT-1,51,51/49/45/37/36/35/1/0
GGAGATGTCACGAGGA-1,51,51/49/45/37/36/35/1/0
GTCACGGCATTCAGCA-1,51,51/49/45/37/36/35/1/0
GTCGAATCAACCGTAT-1,51,51/49/45/37/36/35/1/0
GTCTACCCAGGGACTA-1,51,51/49/45/37/36/35/1/0
GTTAGTGCAGAAATTG-1,51,51/49/45/37/36/35/1/0
GTTCCGTCAAGGCAAC-1,51,51/49/45/37/36/35/1/0
TAAGCGTAGCTAGATA-1,51,51/49/45/37/36/35/1/0
TACCGAATCTGAATCG-1,51,51/49/45/37/36/35/1/0
TAGTGCACAGAGTGAC-1,51,51/49/45/37/36/35/1/0
TCAATCTAGATAGGGA-1,51,51/49/45/37/36/35/1/0
TCATGGAGTTCAAACC-1,51,51/49/45/37/36/35/1/0
TGTGATGCACCATAAC-1,51,51/49/45/37/36/35/1/0
AAGACTCCAGAGTAAT-1,51,51/49/45/37/36/35/1/0
AAGGTAACATGACTGT-1,51,51/49/45/37/36/35/1/0
AATTCCTGTACGGCAA-1,51,51/49/45/37/36/35/1/0
ACTGCAAGTCGTGTTA-1,51,51/49/45/37/36/35/1/0
AGGGTTTGTCATCGGC-1,51,51/49/45/37/36/35/1/0
AGTCAACTCTGGTCAA-1,51,51/49/45/37/36/35/1/0
ATCCCTGGTACAGTAA-1,51,51/49/45/37/36/35/1/0
ATCTTCATCCTGTAGA-1,51,51/49/45/37/36/35/1/0
ATGATCGTCTCACGAA-1,51,51/49/45/37/36/35/1/0
ATGTCCCTCATAGCAC-1,51,51/49/45/37/36/35/1/0
CAATGACGTGGATCGA-1,51,51/49/45/37/36/35/1/0
CATTCCGGTTCCGCGA-1,51,51/49/45/37/36/35/1/0
CGCGTGACACCCAAGC-1,51,51/49/45/37/36/35/1/0
CTCCCAACACTTCAGA-1,51,51/49/45/37/36/35/1/0
CTCCGATTCTTCCACG-1,51,51/49/45/37/36/35/1/0
CTGGTCTTCTAGAGCT-1,51,51/49/45/37/36/35/1/0
CTTTCAAAGATTTGCC-1,51,51/49/45/37/36/35/1/0
GAAACCTAGGGAGAAT-1,51,51/49/45/37/36/35/1/0
GAGCCTGTCACTAGCA-1,51,51/49/45/37/36/35/1/0
GCTACAATCGTAGGAG-1,51,51/49/45/37/36/35/1/0
GGAACCCTCACGTAGT-1,51,51/49/45/37/36/35/1/0
GGAGGTAAGCCAAGTG-1,51,51/49/45/37/36/35/1/0
GGATCTAGTACTAACC-1,51,51/49/45/37/36/35/1/0
GGTCACGGTAGCTGCC-1,51,51/49/45/37/36/35/1/0
GTACAACGTCACCACG-1,51,51/49/45/37/36/35/1/0
GTCATTTGTGGCTTGC-1,51,51/49/45/37/36/35/1/0
GTCTAGATCGTTATCT-1,51,51/49/45/37/36/35/1/0
GTCTGTCGTGAGGAAA-1,51,51/49/45/37/36/35/1/0
GTGTGGCGTAAGATTG-1,51,51/49/45/37/36/35/1/0
TACGGGCGTTACGGAG-1,51,51/49/45/37/36/35/1/0
TCATCATGTCCTCATC-1,51,51/49/45/37/36/35/1/0
TCCCATGAGCTTAAGA-1,51,51/49/45/37/36/35/1/0
TCCGAAAAGCCATATC-1,51,51/49/45/37/36/35/1/0
TCGTCCAGTTCTCGCT-1,51,51/49/45/37/36/35/1/0
TTCGCTGTCACATTGG-1,51,51/49/45/37/36/35/1/0
TTGGATGAGACCAGCA-1,51,51/49/45/37/36/35/1/0
AGACTCATCATTACTC-1,54,54/53/52/36/35/1/0
AGTACCATCGGACTTA-1,54,54/53/52/36/35/1/0
CCATAAGCAACAAGTA-1,54,54/53/52/36/35/1/0
CTTCAATGTCTCGACG-1,54,54/53/52/36/35/1/0
GAACTGTGTTCTATCT-1,54,54/53/52/36/35/1/0
GAGTCTACACTGGCCA-1,54,54/53/52/36/35/1/0
GCTGGGTAGAAGCCAC-1,54,54/53/52/36/35/1/0
TAGATCGCACACCAGC-1,54,54/53/52/36/35/1/0
TGATCAGGTGTATTCG-1,54,54/53/52/36/35/1/0
TGCAGATTCTAGATCG-1,54,54/53/52/36/35/1/0
TTGAGTGCATCCTCAC-1,54,54/53/52/36/35/1/0
ACCAAACTCAGAGCGA-1,54,54/53/52/36/35/1/0
ATACTTCTCACTTGTT-1,54,54/53/52/36/35/1/0
ATCACGAGTGTGTGTT-1,54,54/53/52/36/35/1/0
CCCTCTCTCTTGTGCC-1,54,54/53/52/36/35/1/0
CGTTCTGTCGCTTAAG-1,54,54/53/52/36/35/1/0
CTATCTATCCTGTAAG-1,54,54/53/52/36/35/1/0
CTCAGGGTCACTCGAA-1,54,54/53/52/36/35/1/0
GATCGTAAGTACCGGA-1,54,54/53/52/36/35/1/0
GCATGATGTTCCGCAG-1,54,54/53/52/36/35/1/0
GCTGGGTGTACCTATG-1,54,54/53/52/36/35/1/0
GTCTTTACATAACCCA-1,54,54/53/52/36/35/1/0
TATATCCTCCCAGGCA-1,54,54/53/52/36/35/1/0
TGATCAGGTCTGCATA-1,54,54/53/52/36/35/1/0
TGTTCATCATGACTCA-1,54,54/53/52/36/35/1/0
TTCACCGTCCTCTTTC-1,54,54/53/52/36/35/1/0
TTGCGTCAGTTTCTTC-1,54,54/53/52/36/35/1/0
TTGTTCAAGGTTGTTC-1,54,54/53/52/36/35/1/0
TTTGTTGGTATGGAAT-1,54,54/53/52/36/35/1/0
AATCGTGGTGAGCCAA-1,54,54/53/52/36/35/1/0
ATCGATGTCGCTCTCA-1,54,54/53/52/36/35/1/0
ATTCCTAAGAAATGGG-1,54,54/53/52/36/35/1/0
CAATGACAGTGGCAGT-1,54,54/53/52/36/35/1/0
CTTACCGCACGCTGCA-1,54,54/53/52/36/35/1/0
GACTCTCCATGGGCAA-1,54,54/53/52/36/35/1/0
GCCAACGTCCACAGCG-1,54,54/53/52/36/35/1/0
GTCATGAGTGAGCAGT-1,54,54/53/52/36/35/1/0
TAGGGTTTCCCATTCG-1,54,54/53/52/36/35/1/0
TCCGAAAGTCTAGTGT-1,54,54/53/52/36/35/1/0
TCGTCCAGTCTCAAGT-1,54,54/53/52/36/35/1/0
AATGCCAAGAGCCCAA-1,54,54/53/52/36/35/1/0
ACCTGAAGTAGGCAAC-1,54,54/53/52/36/35/1/0
ATACTTCTCGTCTACC-1,54,54/53/52/36/35/1/0
ATCGTGATCGAATGCT-1,54,54/53/52/36/35/1/0
ATGCATGAGCCTCCAG-1,54,54/53/52/36/35/1/0
ATTCTTGGTGCTTCAA-1,54,54/53/52/36/35/1/0
CACGGGTAGAATGTTG-1,54,54/53/52/36/35/1/0
CCGGGTAAGAGAGGGC-1,54,54/53/52/36/35/1/0
CCTAACCGTCGTTTCC-1,54,54/53/52/36/35/1/0
CCTTCAGTCCGCGATG-1,54,54/53/52/36/35/1/0
CTCAACCCACATTCGA-1,54,54/53/52/36/35/1/0
CTCAGTCTCTGTCGCT-1,54,54/53/52/36/35/1/0
GACTGATAGGCGAACT-1,54,54/53/52/36/35/1/0
GATTCGAAGCTAAGTA-1,54,54/53/52/36/35/1/0
GGCAGTCCACGGGCTT-1,54,54/53/52/36/35/1/0
GTTATGGTCCTACGGG-1,54,54/53/52/36/35/1/0
TAACACGAGATACGAT-1,54,54/53/52/36/35/1/0
TAGACCACAAATCAGA-1,54,54/53/52/36/35/1/0
TCCACCAAGTGCGCTC-1,54,54/53/52/36/35/1/0
TCCTCTTTCCAACCGG-1,54,54/53/52/36/35/1/0
TCGCTTGGTGCCTATA-1,54,54/53/52/36/35/1/0
TGATGCATCGTCCATC-1,54,54/53/52/36/35/1/0
TGCTTGCCAGCACACC-1,54,54/53/52/36/35/1/0
TTGTTCAAGACAGCTG-1,54,54/53/52/36/35/1/0
TTTGATCTCCATAGGT-1,54,54/53/52/36/35/1/0
ACGGAAGTCAAGAATG-1,54,54/53/52/36/35/1/0
AGTCAACTCAAAGGTA-1,54,54/53/52/36/35/1/0
ATCGATGAGCGATGAC-1,54,54/53/52/36/35/1/0
ATCTTCATCCTTGACC-1,54,54/53/52/36/35/1/0
ATTATCCTCCGGCAGT-1,54,54/53/52/36/35/1/0
ATTCAGGTCATTTGTC-1,54,54/53/52/36/35/1/0
CAGATCAAGGCCTAAG-1,54,54/53/52/36/35/1/0
CAGCACGAGACATATG-1,54,54/53/52/36/35/1/0
CAGTTCCAGACCCTTA-1,54,54/53/52/36/35/1/0
CATCAAGCACCTGCTT-1,54,54/53/52/36/35/1/0
CCTCACAGTACGGCAA-1,54,54/53/52/36/35/1/0
CCTTGTGGTTCAACGT-1,54,54/53/52/36/35/1/0
GATCAGTTCATGCCGG-1,54,54/53/52/36/35/1/0
GATGCTAAGTCTGGAG-1,54,54/53/52/36/35/1/0
GTATTTCAGCCTAGGA-1,54,54/53/52/36/35/1/0
GTTCGCTTCTGGCCAG-1,54,54/53/52/36/35/1/0
TCACTCGAGTACTGTC-1,54,54/53/52/36/35/1/0
TCAGGGCGTACTGCGC-1,54,54/53/52/36/35/1/0
TCCTCGAGTTGAGGAC-1,54,54/53/52/36/35/1/0
TGATTTCTCCTCACCA-1,54,54/53/52/36/35/1/0
TGCGGCAAGCACGTCC-1,54,54/53/52/36/35/1/0
TGGGATTTCGAGTGAG-1,54,54/53/52/36/35/1/0
TGGGCTGTCGAAATCC-1,54,54/53/52/36/35/1/0
TTGCCTGTCCGACATA-1,54,54/53/52/36/35/1/0
TTGGATGAGTCATTGC-1,54,54/53/52/36/35/1/0
ACCAACAAGAGCCTGA-1,54,54/53/52/36/35/1/0
AGGAGGTCAAATGAGT-1,54,54/53/52/36/35/1/0
CAACCAAGTAGACGTG-1,54,54/53/52/36/35/1/0
CAATTTCTCGACATTG-1,54,54/53/52/36/35/1/0
CACACAAGTTGAGGAC-1,54,54/53/52/36/35/1/0
CACGAATGTCTTTCAT-1,54,54/53/52/36/35/1/0
CAGTTCCTCATGAGTC-1,54,54/53/52/36/35/1/0
CCTCCAATCGGCTGGT-1,54,54/53/52/36/35/1/0
CGACAGCGTACATTGC-1,54,54/53/52/36/35/1/0
CGAGTTATCCGGTTCT-1,54,54/53/52/36/35/1/0
CTAACCCTCCGTAGGC-1,54,54/53/52/36/35/1/0
CTGCGAGAGAGGGTAA-1,54,54/53/52/36/35/1/0
GAAATGATCGATGCTA-1,54,54/53/52/36/35/1/0
GATGACTTCGCTTGAA-1,54,54/53/52/36/35/1/0
GATGAGGGTCAGTCTA-1,54,54/53/52/36/35/1/0
GCCAGTGAGCTTGTTG-1,54,54/53/52/36/35/1/0
GGGAAGTTCGATTTCT-1,54,54/53/52/36/35/1/0
GGGTATTAGGTGAGCT-1,54,54/53/52/36/35/1/0
GGTGTTAGTGTGTGGA-1,54,54/53/52/36/35/1/0
GTAGAAATCGGTCTGG-1,54,54/53/52/36/35/1/0
GTAGAGGGTTCGGGTC-1,54,54/53/52/36/35/1/0
TAATTCCCAGCGTGAA-1,54,54/53/52/36/35/1/0
TACCTCGTCATACGGT-1,54,54/53/52/36/35/1/0
TATTTCGTCACGGGAA-1,54,54/53/52/36/35/1/0
TCACATTGTCCATACA-1,54,54/53/52/36/35/1/0
TGCATGATCTTCACAT-1,54,54/53/52/36/35/1/0
TGCTCCAAGGTGTGAC-1,54,54/53/52/36/35/1/0
TGTTGAGAGCGTTGTT-1,54,54/53/52/36/35/1/0
TGTTGAGGTGTTCAGT-1,54,54/53/52/36/35/1/0
AACAACCGTACTCGCG-1,55,55/53/52/36/35/1/0
AACACACGTTACGATC-1,55,55/53/52/36/35/1/0
AAGCCATGTTCGTGCG-1,55,55/53/52/36/35/1/0
ACGCACGCAAGAGATT-1,55,55/53/52/36/35/1/0
AGATGCTAGTTAACGA-1,55,55/53/52/36/35/1/0
CATACTTAGGTTACAA-1,55,55/53/52/36/35/1/0
CCACAAAGTACACGTT-1,55,55/53/52/36/35/1/0
CCTAAGAAGAGTGAAG-1,55,55/53/52/36/35/1/0
CCTCTCCGTCGTACTA-1,55,55/53/52/36/35/1/0
CGTTGGGAGCTCGTGC-1,55,55/53/52/36/35/1/0
CTCGAGGCAAATTGGA-1,55,55/53/52/36/35/1/0
CTCTCAGCAAGTCATC-1,55,55/53/52/36/35/1/0
GAAGCCCAGGCACTCC-1,55,55/53/52/36/35/1/0
GACAGCCCACCATTCC-1,55,55/53/52/36/35/1/0
GATGGAGCATCGGTTA-1,55,55/53/52/36/35/1/0
GGAGGATGTGTTGCCG-1,55,55/53/52/36/35/1/0
GGTGATTTCTACGCGG-1,55,55/53/52/36/35/1/0
GTCTGTCCAGTCGCTG-1,55,55/53/52/36/35/1/0
TCAAGCAGTATCGTTG-1,55,55/53/52/36/35/1/0
TCAGGGCCATCAGCGC-1,55,55/53/52/36/35/1/0
TCAGGTACAATCGCGC-1,55,55/53/52/36/35/1/0
TCAGGTAGTTTGTTGG-1,55,55/53/52/36/35/1/0
TCGAACATCTCCCTAG-1,55,55/53/52/36/35/1/0
TCGGGACAGAGCACTG-1,55,55/53/52/36/35/1/0
TCTGCCAGTCTAACGT-1,55,55/53/52/36/35/1/0
TGAGGAGCAGCTATAC-1,55,55/53/52/36/35/1/0
TGATTCTTCTGGCTGG-1,55,55/53/52/36/35/1/0
TGCCGAGAGTTTGGCT-1,55,55/53/52/36/35/1/0
TGGAGGACACCGTACG-1,55,55/53/52/36/35/1/0
TGGGATTTCAGTCTTT-1,55,55/53/52/36/35/1/0
TGTGTGATCAGGGATG-1,55,55/53/52/36/35/1/0
TGTTCTAGTACCTTCC-1,55,55/53/52/36/35/1/0
TTACCGCTCCCTTGTG-1,55,55/53/52/36/35/1/0
TTGATGGCAAGATGGC-1,55,55/53/52/36/35/1/0
AACCAACTCCCTCAAC-1,55,55/53/52/36/35/1/0
ACGCACGGTCAATGGG-1,55,55/53/52/36/35/1/0
CAAAGAACACACACGC-1,55,55/53/52/36/35/1/0
CAAGGGACAGTAGATA-1,55,55/53/52/36/35/1/0
GATGTTGCATTACGGT-1,55,55/53/52/36/35/1/0
GGGCTCAGTGTCATTG-1,55,55/53/52/36/35/1/0
TACAACGCACGCAAAG-1,55,55/53/52/36/35/1/0
ACACGCGCAGCAGATG-1,55,55/53/52/36/35/1/0
GGTGATTAGCACTTTG-1,55,55/53/52/36/35/1/0
GTCGAATGTTCTCCCA-1,55,55/53/52/36/35/1/0
GTGCTGGTCCATTGCC-1,55,55/53/52/36/35/1/0
TAAGCACAGAACTGAT-1,55,55/53/52/36/35/1/0
TCGGGACTCGGTCACG-1,55,55/53/52/36/35/1/0
TCTGTCGCATTCACCC-1,55,55/53/52/36/35/1/0
TGCGGCAAGCCTCACG-1,55,55/53/52/36/35/1/0
TGGAGAGTCACTGCTC-1,55,55/53/52/36/35/1/0
TTACGTTTCTGGAGAG-1,55,55/53/52/36/35/1/0
ACCAACACATCTAGAC-1,55,55/53/52/36/35/1/0
ACGTAGTAGGCGTTGA-1,55,55/53/52/36/35/1/0
AGGATAAAGCTAGTTC-1,55,55/53/52/36/35/1/0
ATAGACCGTAGCGTTT-1,55,55/53/52/36/35/1/0
ATCACAGCAATGAACA-1,55,55/53/52/36/35/1/0
ATCGGATGTCTCGCGA-1,55,55/53/52/36/35/1/0
ATTCAGGGTCTTTATC-1,55,55/53/52/36/35/1/0
CGTTCTGTCTGCAGCG-1,55,55/53/52/36/35/1/0
GCCATTCTCGGATACT-1,55,55/53/52/36/35/1/0
GCGGATCGTGTTGCCG-1,55,55/53/52/36/35/1/0
GCTTTCGGTTAGGCCC-1,55,55/53/52/36/35/1/0
GGATCTACAATCCTAG-1,55,55/53/52/36/35/1/0
GGATCTAGTCATAAAG-1,55,55/53/52/36/35/1/0
GGCAGTCCACCAAAGG-1,55,55/53/52/36/35/1/0
GGTCTGGCACCCTGTT-1,55,55/53/52/36/35/1/0
GTATTTCAGACGCATG-1,55,55/53/52/36/35/1/0
TTAGTCTGTTCCTAAG-1,55,55/53/52/36/35/1/0
TTGATGGAGCGACATG-1,55,55/53/52/36/35/1/0
AGGTGTTCAACCCTCT-1,55,55/53/52/36/35/1/0
AGTAGTCTCAGCTAGT-1,55,55/53/52/36/35/1/0
CACTGAATCAATCCAG-1,55,55/53/52/36/35/1/0
CATAAGCGTCCCGGTA-1,55,55/53/52/36/35/1/0
CATGGATTCCGAGTGC-1,55,55/53/52/36/35/1/0
CTACAGACACACGCCA-1,55,55/53/52/36/35/1/0
CTTGAGACATGACGTT-1,55,55/53/52/36/35/1/0
GATGGAGCAGCAGGAT-1,55,55/53/52/36/35/1/0
GGCTTGGTCATGCAGT-1,55,55/53/52/36/35/1/0
GGGTTATAGCGCGTTC-1,55,55/53/52/36/35/1/0
GTTGAACCAACGTAAA-1,55,55/53/52/36/35/1/0
GTTGCGGGTTACAGCT-1,55,55/53/52/36/35/1/0
CCGGGTAAGTCATCGT-1,55,55/53/52/36/35/1/0
CTGGTCTAGTCGGGAT-1,55,55/53/52/36/35/1/0
ACTTCGCCACGTAACT-1,55,55/53/52/36/35/1/0
AGATGAATCTCCGTGT-1,55,55/53/52/36/35/1/0
AGCCACGAGGTACCTT-1,55,55/53/52/36/35/1/0
ATTCATCTCCTAGCCT-1,55,55/53/52/36/35/1/0
CACTGGGTCCTTCACG-1,55,55/53/52/36/35/1/0
CCGATCTTCGCGTGCA-1,55,55/53/52/36/35/1/0
CCGTAGGCACACGGTC-1,55,55/53/52/36/35/1/0
CGCCAGATCAATCTCT-1,55,55/53/52/36/35/1/0
CTCAAGAGTCACGACC-1,55,55/53/52/36/35/1/0
CTGCATCTCAGCTAGT-1,55,55/53/52/36/35/1/0
GTCGTTCCATCGAAGG-1,55,55/53/52/36/35/1/0
GTGGTTATCAATCAGC-1,55,55/53/52/36/35/1/0
TACTTACGTGGAGGTT-1,55,55/53/52/36/35/1/0
TTCGGTCAGCCTCAAT-1,55,55/53/52/36/35/1/0
TTGTTGTGTGTTAGCT-1,55,55/53/52/36/35/1/0
AGTGTTGAGAGCCATG-1,59,59/58/57/56/52/36/35/1/0
ATGAGTCTCACTGAAC-1,59,59/58/57/56/52/36/35/1/0
ATTCTTGAGGGAGGTG-1,59,59/58/57/56/52/36/35/1/0
CATCCACCACCGCTGA-1,59,59/58/57/56/52/36/35/1/0
CATCCCACAGTTGAAA-1,59,59/58/57/56/52/36/35/1/0
CCTTGTGAGCTACTAC-1,59,59/58/57/56/52/36/35/1/0
CTACCTGTCCGTTTCG-1,59,59/58/57/56/52/36/35/1/0
GAACTGTGTTGGAGGT-1,59,59/58/57/56/52/36/35/1/0
GCTGAATAGGATACCG-1,59,59/58/57/56/52/36/35/1/0
GCTTTCGTCACTGGTA-1,59,59/58/57/56/52/36/35/1/0
GGTAATCTCGAGCACC-1,59,59/58/57/56/52/36/35/1/0
GTCGTAAAGTGTCATC-1,59,59/58/57/56/52/36/35/1/0
GTGGAGAGTGCGGTAA-1,59,59/58/57/56/52/36/35/1/0
GTTGTGAAGACCCTTA-1,59,59/58/57/56/52/36/35/1/0
TATCGCCCAGAATGTA-1,59,59/58/57/56/52/36/35/1/0
TCAATTCCATCTGGGC-1,59,59/58/57/56/52/36/35/1/0
TGTCCTGAGCACTAGG-1,59,59/58/57/56/52/36/35/1/0
ACAAGCTCAGGCCTGT-1,59,59/58/57/56/52/36/35/1/0
ACTTAGGGTATCGTAC-1,59,59/58/57/56/52/36/35/1/0
AGAGAGCCACGACAGA-1,59,59/58/57/56/52/36/35/1/0
AGGTCATTCCGTGTGG-1,59,59/58/57/56/52/36/35/1/0
CGTCCATGTAGTGCGA-1,59,59/58/57/56/52/36/35/1/0
GAGGCAACACTTGTGA-1,59,59/58/57/56/52/36/35/1/0
GATGGAGCATCGAAGG-1,59,59/58/57/56/52/36/35/1/0
GCCGTGATCATGCGGC-1,59,59/58/57/56/52/36/35/1/0
GGCTTTCGTGTTGCCG-1,59,59/58/57/56/52/36/35/1/0
GTGCAGCGTCCCGCAA-1,59,59/58/57/56/52/36/35/1/0
GTTTACTCATGACACT-1,59,59/58/57/56/52/36/35/1/0
TACACCCCAAATTGCC-1,59,59/58/57/56/52/36/35/1/0
TGGCGTGAGAAGCGGG-1,59,59/58/57/56/52/36/35/1/0
ACTCTCGCACAATGTC-1,60,60/58/57/56/52/36/35/1/0
ATCGTCCCAGTGCGCT-1,60,60/58/57/56/52/36/35/1/0
CCGGTAGCAGTTGAAA-1,60,60/58/57/56/52/36/35/1/0
CGGGCATTCCCGTGTT-1,60,60/58/57/56/52/36/35/1/0
GATCGTACAGTTCCAA-1,60,60/58/57/56/52/36/35/1/0
GATTTCTTCACCTCGT-1,60,60/58/57/56/52/36/35/1/0
GGGATCCTCGGAATGG-1,60,60/58/57/56/52/36/35/1/0
GTCATTTCATGACTTG-1,60,60/58/57/56/52/36/35/1/0
GTGGAGACAGCGTACC-1,60,60/58/57/56/52/36/35/1/0
TACCTGCTCTTTCGAT-1,60,60/58/57/56/52/36/35/1/0
TACGCTCAGCAGTCTT-1,60,60/58/57/56/52/36/35/1/0
TATTCCATCCAAGCTA-1,60,60/58/57/56/52/36/35/1/0
TTACCATAGCGTTGTT-1,60,60/58/57/56/52/36/35/1/0
AAAGTGATCAGTGGGA-1,60,60/58/57/56/52/36/35/1/0
AACAGGGTCAATCCGA-1,60,60/58/57/56/52/36/35/1/0
ACACAGTAGGCCACCT-1,60,60/58/57/56/52/36/35/1/0
ACCCAAACACTTGACA-1,60,60/58/57/56/52/36/35/1/0
AGAGCAGTCTCACTCG-1,60,60/58/57/56/52/36/35/1/0
AGGACTTCATTGACAC-1,60,60/58/57/56/52/36/35/1/0
ATTCATCTCGGCTTGG-1,60,60/58/57/56/52/36/35/1/0
CATTCATAGTCAGCGA-1,60,60/58/57/56/52/36/35/1/0
GAGTTTGCATCAGTGT-1,60,60/58/57/56/52/36/35/1/0
TATCAGGAGCGATGCA-1,60,60/58/57/56/52/36/35/1/0
TCCCACACAGGTTCGC-1,60,60/58/57/56/52/36/35/1/0
TCGTGCTTCTCGGGAC-1,60,60/58/57/56/52/36/35/1/0
TGGAACTAGCCGGATA-1,60,60/58/57/56/52/36/35/1/0
AAGCGTTAGAGGTATT-1,60,60/58/57/56/52/36/35/1/0
CAGATACCATCGGCCA-1,60,60/58/57/56/52/36/35/1/0
CATCGCTCATCGTGGC-1,60,60/58/57/56/52/36/35/1/0
GACTGATTCTCCTACG-1,60,60/58/57/56/52/36/35/1/0
AAGCGAGCACCGTGCA-1,61,61/57/56/52/36/35/1/0
ACTATGGAGGCACAAC-1,61,61/57/56/52/36/35/1/0
ACTTATCCACAAGTTC-1,61,61/57/56/52/36/35/1/0
ATGAGTCGTTTACTTC-1,61,61/57/56/52/36/35/1/0
CATTCCGCAGTTACCA-1,61,61/57/56/52/36/35/1/0
CGCGTGAAGTGGATTA-1,61,61/57/56/52/36/35/1/0
GTTAGTGGTAGCGCTC-1,61,61/57/56/52/36/35/1/0
TCCACCATCACGGACC-1,61,61/57/56/52/36/35/1/0
TCGCTCACAATGCAGG-1,61,61/57/56/52/36/35/1/0
TTGGGCGGTAGGGTAC-1,61,61/57/56/52/36/35/1/0
TTGGTTTAGGTGCTAG-1,61,61/57/56/52/36/35/1/0
AAGCATCCAGCGGTCT-1,61,61/57/56/52/36/35/1/0
CTCTCGAAGGCCACTC-1,61,61/57/56/52/36/35/1/0
CTTCCGATCTTCCGTG-1,61,61/57/56/52/36/35/1/0
GATGATCGTGTTCGAT-1,61,61/57/56/52/36/35/1/0
GGCTGTGCACAGTCCG-1,61,61/57/56/52/36/35/1/0
TCTACATAGTAATTGG-1,61,61/57/56/52/36/35/1/0
TGGAGAGCAAGTAGTA-1,61,61/57/56/52/36/35/1/0
AAACGAATCAAAGCCT-1,61,61/57/56/52/36/35/1/0
AACAACCCAGAGGCTA-1,61,61/57/56/52/36/35/1/0
AATGGCTGTCAGGAGT-1,61,61/57/56/52/36/35/1/0
AGCCAGCTCCACAAGT-1,61,61/57/56/52/36/35/1/0
AGGGAGTTCGCCACTT-1,61,61/57/56/52/36/35/1/0
ATATCCTCACGACGAA-1,61,61/57/56/52/36/35/1/0
CTTAGGATCACAAGGG-1,61,61/57/56/52/36/35/1/0
GATCGTACACTCAAGT-1,61,61/57/56/52/36/35/1/0
GATTTCTGTCACCGAC-1,61,61/57/56/52/36/35/1/0
GGAACCCCAGAGAATT-1,61,61/57/56/52/36/35/1/0
GTTACAGGTGACGTCC-1,61,61/57/56/52/36/35/1/0
TCAGTGATCTGCTGAA-1,61,61/57/56/52/36/35/1/0
TCGCTTGTCCCGAGTG-1,61,61/57/56/52/36/35/1/0
TTTATGCTCATTTGGG-1,61,61/57/56/52/36/35/1/0
TTTCATGCACAAGCAG-1,61,61/57/56/52/36/35/1/0
ATCCCTGAGGGACCAT-1,61,61/57/56/52/36/35/1/0
ATTACCTCAGATGCGA-1,61,61/57/56/52/36/35/1/0
CAGATCAGTTTACTTC-1,61,61/57/56/52/36/35/1/0
CATTGAGTCATCTACT-1,61,61/57/56/52/36/35/1/0
CTCAATTTCCTATTGT-1,61,61/57/56/52/36/35/1/0
GAGTGAGTCGGCTTCT-1,61,61/57/56/52/36/35/1/0
GGAATGGGTAGCTAAA-1,61,61/57/56/52/36/35/1/0
TAGGAGGGTGCGACAA-1,61,61/57/56/52/36/35/1/0
TTGTGTTGTGATGTAA-1,61,61/57/56/52/36/35/1/0
TTTCACATCAGCGGAA-1,61,61/57/56/52/36/35/1/0
AAACGCTGTAATGTGA-1,63,63/62/56/52/36/35/1/0
ACGGGTCTCGCTCTAC-1,63,63/62/56/52/36/35/1/0
AGCTTCCTCTCCCATG-1,63,63/62/56/52/36/35/1/0
AGGTCTAAGGCAATGC-1,63,63/62/56/52/36/35/1/0
AGTCACAAGTGGTTCT-1,63,63/62/56/52/36/35/1/0
ATACTTCCAAGCCATT-1,63,63/62/56/52/36/35/1/0
ATATCCTAGCAGCCCT-1,63,63/62/56/52/36/35/1/0
ATCGTCCGTGAGACCA-1,63,63/62/56/52/36/35/1/0
CACTTCGGTAATCAAG-1,63,63/62/56/52/36/35/1/0
CATTTCACAACACGTT-1,63,63/62/56/52/36/35/1/0
CCATCACTCAGGAAGC-1,63,63/62/56/52/36/35/1/0
CCGATGGTCCTTACCG-1,63,63/62/56/52/36/35/1/0
CCTTTGGGTTCCGCAG-1,63,63/62/56/52/36/35/1/0
CGATCGGAGACTTCAC-1,63,63/62/56/52/36/35/1/0
CGTCCATCAGCATACT-1,63,63/62/56/52/36/35/1/0
CTACCCATCTCTAGGA-1,63,63/62/56/52/36/35/1/0
CTGCCATAGAAGCGAA-1,63,63/62/56/52/36/35/1/0
CTGCCATAGTGGATAT-1,63,63/62/56/52/36/35/1/0
CTGCCTAAGGGTCTTT-1,63,63/62/56/52/36/35/1/0
CTTGAGAGTTACACTG-1,63,63/62/56/52/36/35/1/0
GAGCCTGGTAACTGCT-1,63,63/62/56/52/36/35/1/0
GAGGGTAGTCAGTTTG-1,63,63/62/56/52/36/35/1/0
GATAGCTGTTGGCCTG-1,63,63/62/56/52/36/35/1/0
GCCCGAACACACGGAA-1,63,63/62/56/52/36/35/1/0
GCGAGAATCCACGAAT-1,63,63/62/56/52/36/35/1/0
GCTTCACGTCACTCAA-1,63,63/62/56/52/36/35/1/0
GGGCGTTCAGTTCCAA-1,63,63/62/56/52/36/35/1/0
GTCGTAAAGAGTCTGG-1,63,63/62/56/52/36/35/1/0
GTGCAGCCAACTGCTA-1,63,63/62/56/52/36/35/1/0
GTTACCCTCCAAACCA-1,63,63/62/56/52/36/35/1/0
TATTGGGTCATTACCT-1,63,63/62/56/52/36/35/1/0
TGCTTCGTCTTAGTTC-1,63,63/62/56/52/36/35/1/0
TGGGTTATCCCTGGTT-1,63,63/62/56/52/36/35/1/0
TTTCAGTAGACCTCCG-1,63,63/62/56/52/36/35/1/0
AACCTTTCAGGTACGA-1,63,63/62/56/52/36/35/1/0
ACCCAAATCGCTGACG-1,63,63/62/56/52/36/35/1/0
AGGGTTTTCCTACGGG-1,63,63/62/56/52/36/35/1/0
ATCGCCTTCTTAGCAG-1,63,63/62/56/52/36/35/1/0
CATACCCTCCCTCTCC-1,63,63/62/56/52/36/35/1/0
CCGGTGATCAGGTGTT-1,63,63/62/56/52/36/35/1/0
CGGAGAAGTCGATTTG-1,63,63/62/56/52/36/35/1/0
CTCAACCTCCTCTAGC-1,63,63/62/56/52/36/35/1/0
CTCCCTCCACATATGC-1,63,63/62/56/52/36/35/1/0
GCCATTCTCCGAACGC-1,63,63/62/56/52/36/35/1/0
GCGAGAATCTTCCCGA-1,63,63/62/56/52/36/35/1/0
GGGCGTTTCTCAGAAC-1,63,63/62/56/52/36/35/1/0
GTCAAACAGCATAGGC-1,63,63/62/56/52/36/35/1/0
GTCTACCTCTTTCGAT-1,63,63/62/56/52/36/35/1/0
GTGGTTACACTGCGTG-1,63,63/62/56/52/36/35/1/0
GTTACAGTCTGGGATT-1,63,63/62/56/52/36/35/1/0
TAGACTGCAGGTTACT-1,63,63/62/56/52/36/35/1/0
TATGTTCTCGCGTCGA-1,63,63/62/56/52/36/35/1/0
TTCTTGAGTAACCCTA-1,63,63/62/56/52/36/35/1/0
AACGTCAGTCGCACGT-1,64,64/62/56/52/36/35/1/0
ACAGCCGCATCCAACA-1,64,64/62/56/52/36/35/1/0
ACATGCAGTCAAGCCC-1,64,64/62/56/52/36/35/1/0
ACTGCAACAGTCCCGA-1,64,64/62/56/52/36/35/1/0
ACTTCCGAGGGTGGGA-1,64,64/62/56/52/36/35/1/0
AGACCATCACCTGCGA-1,64,64/62/56/52/36/35/1/0
ATACCTTTCGTAGTGT-1,64,64/62/56/52/36/35/1/0
ATATCCTTCGTTGCCT-1,64,64/62/56/52/36/35/1/0
ATGTCCCCACGATAGG-1,64,64/62/56/52/36/35/1/0
CAATTTCAGTGGACTG-1,64,64/62/56/52/36/35/1/0
CACAACAAGCGCACAA-1,64,64/62/56/52/36/35/1/0
CAGATTGTCCAACCAA-1,64,64/62/56/52/36/35/1/0
CATGCCTCAACTCCCT-1,64,64/62/56/52/36/35/1/0
CCACAAATCCGGCTTT-1,64,64/62/56/52/36/35/1/0
CCACACTCAATTGGTC-1,64,64/62/56/52/36/35/1/0
CCGGACAGTCCAAATC-1,64,64/62/56/52/36/35/1/0
CCTGCATGTAGTTACC-1,64,64/62/56/52/36/35/1/0
CTGAATGCAGGAAGTC-1,64,64/62/56/52/36/35/1/0
CTTCGGTTCAGTGTCA-1,64,64/62/56/52/36/35/1/0
GCAGTTATCTCCCTAG-1,64,64/62/56/52/36/35/1/0
GCGAGAATCGTGGGAA-1,64,64/62/56/52/36/35/1/0
GCTTTCGCATGTCGTA-1,64,64/62/56/52/36/35/1/0
GGAGCAAAGAGCAAGA-1,64,64/62/56/52/36/35/1/0
GTAAGTCCACCTGAAT-1,64,64/62/56/52/36/35/1/0
GTAGCTACAAACTGCT-1,64,64/62/56/52/36/35/1/0
GTAGTACTCGTTCATT-1,64,64/62/56/52/36/35/1/0
GTTGAACGTACTCCCT-1,64,64/62/56/52/36/35/1/0
TAATCTCGTCACGCTG-1,64,64/62/56/52/36/35/1/0
TACAACGAGTACAACA-1,64,64/62/56/52/36/35/1/0
TCAGCAAAGAGCAGTC-1,64,64/62/56/52/36/35/1/0
TCATACTTCAGCACCG-1,64,64/62/56/52/36/35/1/0
TCATTTGGTCCGTACG-1,64,64/62/56/52/36/35/1/0
TCCGTGTTCACAAGGG-1,64,64/62/56/52/36/35/1/0
TCGGGCATCTCATTAC-1,64,64/62/56/52/36/35/1/0
TCGGTCTCAGGTCAAG-1,64,64/62/56/52/36/35/1/0
TGACCCTGTGTCCGGT-1,64,64/62/56/52/36/35/1/0
TGCCGAGGTAGTTAGA-1,64,64/62/56/52/36/35/1/0
TGGGTTATCAGTGCGC-1,64,64/62/56/52/36/35/1/0
TGTTGAGAGCACAAAT-1,64,64/62/56/52/36/35/1/0
TTAGTCTCAGACCATT-1,64,64/62/56/52/36/35/1/0
TTGATGGGTAAGCGGT-1,64,64/62/56/52/36/35/1/0
TTGGATGAGAGAGCGG-1,64,64/62/56/52/36/35/1/0
TTTACTGAGCTCACTA-1,64,64/62/56/52/36/35/1/0
TTTCACATCGCAAGAG-1,64,64/62/56/52/36/35/1/0
TTTCGATTCACACCGG-1,64,64/62/56/52/36/35/1/0
CACGTGGTCCCGAGGT-1,67,67/66/65/35/1/0
CGAGTGCAGTCTTGGT-1,67,67/66/65/35/1/0
GAGCTGCCACTTGGCG-1,67,67/66/65/35/1/0
GATAGCTTCCCGAGTG-1,67,67/66/65/35/1/0
GCAGTTACAATCGTCA-1,67,67/66/65/35/1/0
GGGCTACAGGCCTGAA-1,67,67/66/65/35/1/0
GGTAACTCAATGTCAC-1,67,67/66/65/35/1/0
GTCTTTAGTCATCTAG-1,67,67/66/65/35/1/0
GTTGTGAGTGGTCAAG-1,67,67/66/65/35/1/0
TGAGGGAGTTGCATAC-1,67,67/66/65/35/1/0
AAGACAAAGACATCCT-1,67,67/66/65/35/1/0
CATCGCTCACGACTAT-1,67,67/66/65/35/1/0
CCCAACTAGCCTATCA-1,67,67/66/65/35/1/0
TATTTCGAGGATAATC-1,67,67/66/65/35/1/0
ACCACAACACAGCTTA-1,67,67/66/65/35/1/0
ACTTTGTCAAGCAGGT-1,67,67/66/65/35/1/0
AGAGCCCAGGTCGAGT-1,67,67/66/65/35/1/0
AGGTTACCAATGCAAA-1,67,67/66/65/35/1/0
ATGTCTTAGGAAGTGA-1,67,67/66/65/35/1/0
CACTTCGAGCGAACTG-1,67,67/66/65/35/1/0
CAGCGTGAGAGCCTGA-1,67,67/66/65/35/1/0
CAGTTCCGTTATGGTC-1,67,67/66/65/35/1/0
CATTCTACAAGCGAGT-1,67,67/66/65/35/1/0
CCCGGAATCGGCTGTG-1,67,67/66/65/35/1/0
CGCGTGACACCGGCTA-1,67,67/66/65/35/1/0
CGGGTCATCCGGCAAC-1,67,67/66/65/35/1/0
CTCAGGGAGGTGCCAA-1,67,67/66/65/35/1/0
GACCGTGTCTGACGCG-1,67,67/66/65/35/1/0
GACTGATAGTGGCCTC-1,67,67/66/65/35/1/0
GGACGTCCAGATTTCG-1,67,67/66/65/35/1/0
GGAGGTAGTTTCACAG-1,67,67/66/65/35/1/0
GGGATGATCGGCGATC-1,67,67/66/65/35/1/0
GGTAACTTCAGCATTG-1,67,67/66/65/35/1/0
GTAAGTCGTTAGGCTT-1,67,67/66/65/35/1/0
GTGCAGCAGAAGTATC-1,67,67/66/65/35/1/0
GTGTCCTTCCTTTAGT-1,67,67/66/65/35/1/0
GTTCCGTTCCGTATAG-1,67,67/66/65/35/1/0
TCATTGTAGGAATGTT-1,67,67/66/65/35/1/0
TCGCTCAAGTCAATCC-1,67,67/66/65/35/1/0
TCTTGCGCATGTTCGA-1,67,67/66/65/35/1/0
TGGATCATCAATCAGC-1,67,67/66/65/35/1/0
TGGGAAGTCGACATCA-1,67,67/66/65/35/1/0
TGGGCTGCACACGGAA-1,67,67/66/65/35/1/0
TTCATGTCACCAGTAT-1,67,67/66/65/35/1/0
TTGTTTGCACCCAATA-1,67,67/66/65/35/1/0
AATCGTGCAGTCAGAG-1,68,68/66/65/35/1/0
ACCATTTGTAATCAAG-1,68,68/66/65/35/1/0
AGAAGTACACACCTGG-1,68,68/66/65/35/1/0
AGAGAATAGAGGTGCT-1,68,68/66/65/35/1/0
AGAGAGCGTTACCCAA-1,68,68/66/65/35/1/0
AGGGCCTGTAACGATA-1,68,68/66/65/35/1/0
AGGGCTCCAGTTGAAA-1,68,68/66/65/35/1/0
AGGGTCCTCTGACCCT-1,68,68/66/65/35/1/0
AGTCAACCACGCTGCA-1,68,68/66/65/35/1/0
ATACTTCGTCTAGGTT-1,68,68/66/65/35/1/0
ATCCATTAGCGGTAGT-1,68,68/66/65/35/1/0
ATCCCTGCACAAGCCC-1,68,68/66/65/35/1/0
CACACAACAGAGGCTA-1,68,68/66/65/35/1/0
CAGCACGGTCAGGAGT-1,68,68/66/65/35/1/0
CATAGACCACTCTAGA-1,68,68/66/65/35/1/0
CATCCGTTCCTACTGC-1,68,68/66/65/35/1/0
CATGCAACAGAGATGC-1,68,68/66/65/35/1/0
CCGAACGTCTGTTCAT-1,68,68/66/65/35/1/0
CGCCATTAGCTCGGCT-1,68,68/66/65/35/1/0
CGTCCATTCCTCAGAA-1,68,68/66/65/35/1/0
CTCATTAAGGGACTGT-1,68,68/66/65/35/1/0
CTTCCGATCGAAGGAC-1,68,68/66/65/35/1/0
GAGTGTTCACGCGCTA-1,68,68/66/65/35/1/0
GATCATGAGCTTGTGT-1,68,68/66/65/35/1/0
GATTCGATCTTCTAAC-1,68,68/66/65/35/1/0
GGAGGTAGTGAGCGAT-1,68,68/66/65/35/1/0
GTAATCGGTCATGGCC-1,68,68/66/65/35/1/0
GTAGAGGTCCCTCTAG-1,68,68/66/65/35/1/0
GTAGTACAGATGTTCC-1,68,68/66/65/35/1/0
GTTCTATTCTTGATTC-1,68,68/66/65/35/1/0
GTTGTCCTCATGGAGG-1,68,68/66/65/35/1/0
GTTGTGAGTTCGCGTG-1,68,68/66/65/35/1/0
GTTGTGAGTTGTGCCG-1,68,68/66/65/35/1/0
TATCCTAAGATGGTAT-1,68,68/66/65/35/1/0
TATTGGGGTGGCTTGC-1,68,68/66/65/35/1/0
TCACACCTCTGCGGCA-1,68,68/66/65/35/1/0
TCGACCTGTGCCCAGT-1,68,68/66/65/35/1/0
TCGGGCACATGTCTAG-1,68,68/66/65/35/1/0
TCTTCCTTCGAACACT-1,68,68/66/65/35/1/0
CTGCCTAAGATGCAGC-1,68,68/66/65/35/1/0
GGGTATTTCATTGTTC-1,68,68/66/65/35/1/0
GTTATGGTCTGGAAGG-1,68,68/66/65/35/1/0
TCCATGCAGCACACCC-1,68,68/66/65/35/1/0
TGGATGTTCCTGTTAT-1,68,68/66/65/35/1/0
TTGCCTGGTTCCCAAA-1,68,68/66/65/35/1/0
TTTACTGAGAAGGGAT-1,68,68/66/65/35/1/0
AGACAAACAAAGAACT-1,68,68/66/65/35/1/0
AGGTTGTGTCCCTCAT-1,68,68/66/65/35/1/0
ATCATTCTCTCGCTTG-1,68,68/66/65/35/1/0
CGTAAGTGTAAGACCG-1,68,68/66/65/35/1/0
GCTGAATCATTCAGCA-1,68,68/66/65/35/1/0
GGGACCTTCGAGCCAC-1,68,68/66/65/35/1/0
GTGCACGAGTGATAGT-1,68,68/66/65/35/1/0
TATCTTGTCGCCACTT-1,68,68/66/65/35/1/0
TCATGGAAGTCACAGG-1,68,68/66/65/35/1/0
TGCAGGCTCACCTCAC-1,68,68/66/65/35/1/0
AACACACAGTGCTAGG-1,71,71/70/69/65/35/1/0
AAGCATCTCAAGCTGT-1,71,71/70/69/65/35/1/0
AAGTTCGTCACTTCTA-1,71,71/70/69/65/35/1/0
AATCGACCACCGGAAA-1,71,71/70/69/65/35/1/0
ACATGCATCGTAACTG-1,71,71/70/69/65/35/1/0
ACCCTTGAGTACTCGT-1,71,71/70/69/65/35/1/0
ACTGTCCGTCACCCTT-1,71,71/70/69/65/35/1/0
AGCCAATCAAATCAAG-1,71,71/70/69/65/35/1/0
AGCTACAAGCATAGGC-1,71,71/70/69/65/35/1/0
AGCTACAGTAACTTCG-1,71,71/70/69/65/35/1/0
ATGGGTTGTAGGTTTC-1,71,71/70/69/65/35/1/0
ATTCCTAAGTCTCTGA-1,71,71/70/69/65/35/1/0
CAAAGAAGTGTCCGGT-1,71,71/70/69/65/35/1/0
CAGCACGAGTGATAGT-1,71,71/70/69/65/35/1/0
CAGCCAGCATGTGCTA-1,71,71/70/69/65/35/1/0
CATACTTAGACATCAA-1,71,71/70/69/65/35/1/0
CATTCCGCAGTGGTGA-1,71,71/70/69/65/35/1/0
CCCTGATGTGGTATGG-1,71,71/70/69/65/35/1/0
CCTCTCCGTGGCTCTG-1,71,71/70/69/65/35/1/0
CGGGTCATCAGCATTG-1,71,71/70/69/65/35/1/0
CGTGCTTGTGGGAGAG-1,71,71/70/69/65/35/1/0
CGTTCTGGTGATTAGA-1,71,71/70/69/65/35/1/0
CTAGACAAGTGCGTCC-1,71,71/70/69/65/35/1/0
CTGTACCGTGACACGA-1,71,71/70/69/65/35/1/0
GAAATGAGTGGAAGTC-1,71,71/70/69/65/35/1/0
GAATCACGTCCGACGT-1,71,71/70/69/65/35/1/0
GAGTGAGGTAAGGCCA-1,71,71/70/69/65/35/1/0
GCATCTCAGTGACACG-1,71,71/70/69/65/35/1/0
GCCAACGGTCGTGATT-1,71,71/70/69/65/35/1/0
GCCAACGTCACTCACC-1,71,71/70/69/65/35/1/0
GGAATGGTCAGGGATG-1,71,71/70/69/65/35/1/0
GTAATCGGTAGTACGG-1,71,71/70/69/65/35/1/0
GTAGTACCAGACGATG-1,71,71/70/69/65/35/1/0
GTCGTTCGTTGGTACT-1,71,71/70/69/65/35/1/0
GTGGAAGAGAGAGCAA-1,71,71/70/69/65/35/1/0
GTGGCGTGTATGTCTG-1,71,71/70/69/65/35/1/0
TACGGGCAGCTCCGAC-1,71,71/70/69/65/35/1/0
TAGGTACCACTCTGCT-1,71,71/70/69/65/35/1/0
TCACAAGTCGTAATGC-1,71,71/70/69/65/35/1/0
TCAGCCTAGCGATGCA-1,71,71/70/69/65/35/1/0
TCATTACGTTTCCAAG-1,71,71/70/69/65/35/1/0
TCCTAATAGCAATTCC-1,71,71/70/69/65/35/1/0
TCCTAATAGTGAGCCA-1,71,71/70/69/65/35/1/0
TCTTTGAAGAAATCCA-1,71,71/70/69/65/35/1/0
TGATCAGTCTTACCAT-1,71,71/70/69/65/35/1/0
TGGTGATGTCCCGGTA-1,71,71/70/69/65/35/1/0
TGTACAGCATTGACCA-1,71,71/70/69/65/35/1/0
TGTTACTAGGGAGTGG-1,71,71/70/69/65/35/1/0
TGTTTGTCAGGGTTGA-1,71,71/70/69/65/35/1/0
TTGATGGGTAGCTTTG-1,71,71/70/69/65/35/1/0
TTGCGTCAGTATGAAC-1,71,71/70/69/65/35/1/0
TTTCATGTCGAACTCA-1,71,71/70/69/65/35/1/0
AACAAAGGTGTGAGCA-1,71,71/70/69/65/35/1/0
AATCGTGGTGGTACAG-1,71,71/70/69/65/35/1/0
AATTTCCGTTCGAAGG-1,71,71/70/69/65/35/1/0
ACAAAGACATGGGTTT-1,71,71/70/69/65/35/1/0
ACAACCAGTGGCGTAA-1,71,71/70/69/65/35/1/0
ACTGTCCCAGTTGCGC-1,71,71/70/69/65/35/1/0
AGGGTCCTCGGTGTAT-1,71,71/70/69/65/35/1/0
AGGTGTTTCATGAGGG-1,71,71/70/69/65/35/1/0
ATACCGATCCTGGCTT-1,71,71/70/69/65/35/1/0
ATCATTCAGCAGCCTC-1,71,71/70/69/65/35/1/0
ATCCACCGTGACAGCA-1,71,71/70/69/65/35/1/0
ATCGGATAGTAGCAAT-1,71,71/70/69/65/35/1/0
ATGTCCCGTTCACGAT-1,71,71/70/69/65/35/1/0
GACTGATCAATTCGTG-1,71,71/70/69/65/35/1/0
GCTTCACGTTCTGACA-1,71,71/70/69/65/35/1/0
GCTTCACTCCGTGTAA-1,71,71/70/69/65/35/1/0
GTAGAAATCCTACCGT-1,71,71/70/69/65/35/1/0
GTGCTTCGTCGCTCGA-1,71,71/70/69/65/35/1/0
GTTGTGAAGTATCTGC-1,71,71/70/69/65/35/1/0
TAACGACCATCAGCTA-1,71,71/70/69/65/35/1/0
TCACGCTTCCTAGAGT-1,71,71/70/69/65/35/1/0
TCGGATAAGGTTAAAC-1,71,71/70/69/65/35/1/0
TCTATACGTTGCAACT-1,71,71/70/69/65/35/1/0
TGAGACTAGAGCAGTC-1,71,71/70/69/65/35/1/0
TGCAGTAAGGCGTTGA-1,71,71/70/69/65/35/1/0
TTCCAATAGTAATCCC-1,71,71/70/69/65/35/1/0
TTGAGTGAGGTGCGAT-1,71,71/70/69/65/35/1/0
TTGGGTACAACACGTT-1,71,71/70/69/65/35/1/0
AAAGTCCTCCAGCCTT-1,72,72/70/69/65/35/1/0
AACCTTTAGCCATTCA-1,72,72/70/69/65/35/1/0
ACGGTCGAGTGTAGAT-1,72,72/70/69/65/35/1/0
CAATTTCTCCTAAACG-1,72,72/70/69/65/35/1/0
CAGAGCCGTCTCGCGA-1,72,72/70/69/65/35/1/0
CAGCACGGTAGTGATA-1,72,72/70/69/65/35/1/0
CAGTTAGTCACCATCC-1,72,72/70/69/65/35/1/0
CGAGGAAAGAATCCCT-1,72,72/70/69/65/35/1/0
CTCAAGACAAATCAGA-1,72,72/70/69/65/35/1/0
CTGTCGTCAGTTCCAA-1,72,72/70/69/65/35/1/0
CTTCTAACACACCAGC-1,72,72/70/69/65/35/1/0
CTTTCAAAGATGAACT-1,72,72/70/69/65/35/1/0
GCCCAGATCTACTGCC-1,72,72/70/69/65/35/1/0
GCGTTTCTCATACGAC-1,72,72/70/69/65/35/1/0
GCTTGGGGTTTGGGTT-1,72,72/70/69/65/35/1/0
GGAATCTAGTAAGGGA-1,72,72/70/69/65/35/1/0
GGCTTTCCATACTGAC-1,72,72/70/69/65/35/1/0
GTCCTCAAGAGTTGAT-1,72,72/70/69/65/35/1/0
GTCTCACGTGTCCAAT-1,72,72/70/69/65/35/1/0
GTTGTCCGTCGCTCGA-1,72,72/70/69/65/35/1/0
TCTCCGACAGCACCCA-1,72,72/70/69/65/35/1/0
TCTTGCGAGCCACCGT-1,72,72/70/69/65/35/1/0
TGAGGAGCAAGGTCTT-1,72,72/70/69/65/35/1/0
TGATTTCGTTCGAACT-1,72,72/70/69/65/35/1/0
TGATTTCTCGAAACAA-1,72,72/70/69/65/35/1/0
TGCAGATCAAGTGATA-1,72,72/70/69/65/35/1/0
TTACTGTAGACCCGCT-1,72,72/70/69/65/35/1/0
TTCCTTCAGCTCGACC-1,72,72/70/69/65/35/1/0
TTTCAGTTCTACCTTA-1,72,72/70/69/65/35/1/0
AATGACCAGGTAAACT-1,72,72/70/69/65/35/1/0
AATGACCCAGACAAGC-1,72,72/70/69/65/35/1/0
ACTACGAAGGTTGGTG-1,72,72/70/69/65/35/1/0
ACTTAGGAGCGCCTTG-1,72,72/70/69/65/35/1/0
ATCGGATGTGAAAGTT-1,72,72/70/69/65/35/1/0
ATTACCTCAAGTGGAC-1,72,72/70/69/65/35/1/0
CGACAGCAGCCAAGGT-1,72,72/70/69/65/35/1/0
CGGACACGTCCTGTTC-1,72,72/70/69/65/35/1/0
CGTGCTTCAGGTGAGT-1,72,72/70/69/65/35/1/0
CTCCAACTCCGATTAG-1,72,72/70/69/65/35/1/0
CTTTCAAGTGACTGTT-1,72,72/70/69/65/35/1/0
GAAGGGTAGCGAGGAG-1,72,72/70/69/65/35/1/0
GACCCTTGTACGATCT-1,72,72/70/69/65/35/1/0
GACTCTCAGCAAGGAA-1,72,72/70/69/65/35/1/0
GCGATCGCAAGCGCAA-1,72,72/70/69/65/35/1/0
GTTACGAAGGTAGTAT-1,72,72/70/69/65/35/1/0
TAACGACAGCGCCCAT-1,72,72/70/69/65/35/1/0
TACCGAATCGCCAGTG-1,72,72/70/69/65/35/1/0
ACCCTTGCACCGGTCA-1,72,72/70/69/65/35/1/0
ACTTTGTGTAGTCACT-1,72,72/70/69/65/35/1/0
AGTAACCAGTTATGGA-1,72,72/70/69/65/35/1/0
CACATGAAGAGCCGTA-1,72,72/70/69/65/35/1/0
CAGAGCCGTCTTTCAT-1,72,72/70/69/65/35/1/0
CTGTCGTGTTGCCGAC-1,72,72/70/69/65/35/1/0
GAGTCTAAGCCGTCGT-1,72,72/70/69/65/35/1/0
GTTTACTGTTATAGCC-1,72,72/70/69/65/35/1/0
TACCCACGTCGCTCGA-1,72,72/70/69/65/35/1/0
TCGGGTGTCGAATCCA-1,72,72/70/69/65/35/1/0
TCGTCCAGTAGGAGGG-1,72,72/70/69/65/35/1/0
TCTTTGAAGGGCCTCT-1,72,72/70/69/65/35/1/0
TGCAGATAGTTGCTGT-1,72,72/70/69/65/35/1/0
TGGGAGATCCCAAGTA-1,72,72/70/69/65/35/1/0
AAGGAATAGATCCCAT-1,73,73/69/65/35/1/0
ACAGCCGCAATACAGA-1,73,73/69/65/35/1/0
AGACACTGTACAGAGC-1,73,73/69/65/35/1/0
AGACCCGTCGCCTTTG-1,73,73/69/65/35/1/0
AGCATCAAGTTAACGA-1,73,73/69/65/35/1/0
AGTGTTGAGTACTGTC-1,73,73/69/65/35/1/0
AGTTCCCCAATGGCCC-1,73,73/69/65/35/1/0
ATGGGTTCATATGCGT-1,73,73/69/65/35/1/0
CAGGGCTGTAACAGTA-1,73,73/69/65/35/1/0
CATGCTCGTGTGTGTT-1,73,73/69/65/35/1/0
CATTGTTCAGCCCAGT-1,73,73/69/65/35/1/0
CGTTGGGCACGCAAAG-1,73,73/69/65/35/1/0
CTACTATAGTCGTCTA-1,73,73/69/65/35/1/0
GACACGCTCACATTGG-1,73,73/69/65/35/1/0
GATGATCTCCCAGGAC-1,73,73/69/65/35/1/0
GCATGATTCGCTGCGA-1,73,73/69/65/35/1/0
GGAGAACTCTACTTCA-1,73,73/69/65/35/1/0
GGGAGATAGACGAAGA-1,73,73/69/65/35/1/0
GGTGTCGGTGTGATGG-1,73,73/69/65/35/1/0
GTCAAGTAGGTTGGTG-1,73,73/69/65/35/1/0
TAGACCACATGGAAGC-1,73,73/69/65/35/1/0
TGGAACTCACTACACA-1,73,73/69/65/35/1/0
AAACGCTGTCCTGGGT-1,73,73/69/65/35/1/0
AAATGGAGTAGCGTCC-1,73,73/69/65/35/1/0
AATGACCAGACGCCCT-1,73,73/69/65/35/1/0
AGGAAATTCGTCTAAG-1,73,73/69/65/35/1/0
ATCACGAAGTCATCGT-1,73,73/69/65/35/1/0
CACTGAAAGCAGTACG-1,73,73/69/65/35/1/0
GACTGATCAGTAGGAC-1,73,73/69/65/35/1/0
GAGTCTAAGGCGAACT-1,73,73/69/65/35/1/0
GATAGAACAGATTTCG-1,73,73/69/65/35/1/0
GCTGAATTCCGAAATC-1,73,73/69/65/35/1/0
GGGACTCTCCTACGAA-1,73,73/69/65/35/1/0
GGTCACGGTCTTCATT-1,73,73/69/65/35/1/0
TAGACTGGTTCCCACT-1,73,73/69/65/35/1/0
TCATATCTCATTCCTA-1,73,73/69/65/35/1/0
TCGACGGCATCGAGCC-1,73,73/69/65/35/1/0
TGAGGTTGTGGCTAGA-1,73,73/69/65/35/1/0
TGTTCATGTAGGGAGG-1,73,73/69/65/35/1/0
TTAATCCTCACGGGAA-1,73,73/69/65/35/1/0
AAAGGTACACACGGTC-1,73,73/69/65/35/1/0
AACCCAACACCGGAAA-1,73,73/69/65/35/1/0
AAGTACCTCCCTAGGG-1,73,73/69/65/35/1/0
ACACGCGAGGGAGGAC-1,73,73/69/65/35/1/0
ACCTACCCAGATCCAT-1,73,73/69/65/35/1/0
AGGAAATAGTCTAGCT-1,73,73/69/65/35/1/0
AGTAACCGTCACTTAG-1,73,73/69/65/35/1/0
CACCAAAGTACGGCAA-1,73,73/69/65/35/1/0
CAGAGCCGTAGCTTAC-1,73,73/69/65/35/1/0
CCCTGATGTTAGTTCG-1,73,73/69/65/35/1/0
CCGCAAGGTGTTGATC-1,73,73/69/65/35/1/0
GATAGAAAGTAACAGT-1,73,73/69/65/35/1/0
GATGACTGTAGAATAC-1,73,73/69/65/35/1/0
GCTTTCGAGGTTACCT-1,73,73/69/65/35/1/0
GGTAACTGTAAGTTGA-1,73,73/69/65/35/1/0
GTAGGAGGTATTGAGA-1,73,73/69/65/35/1/0
GTTATGGTCCGCTTAC-1,73,73/69/65/35/1/0
TACTTGTCATGACTTG-1,73,73/69/65/35/1/0
TCAATCTTCATCACTT-1,73,73/69/65/35/1/0
TTCTAACAGACTGGGT-1,73,73/69/65/35/1/0
AGGCATTCAGCCCACA-1,74,74/0
GAAGTAAGTTCACGAT-1,74,74/0
ACAAGCTGTTCGATTG-2,74,74/0
ATAGAGAAGGAGTATT-2,74,74/0
CACTTCGGTATACCTG-2,74,74/0
CAGCACGGTACGGATG-2,74,74/0
CGTTGGGCATACTTTC-2,74,74/0
GGAATCTCATTGACCA-2,74,74/0
GGACGTCAGCTCCATA-2,74,74/0
GGAGATGCAGCGAACA-2,74,74/0
TAACACGCATTGGGAG-2,74,74/0
TGCTCCATCCCAGGCA-2,74,74/0
AACAAGAAGAGGTTAT-1,74,74/0
AATGAAGCAATACAGA-1,74,74/0
ACTGTGAAGAAGTCAT-1,74,74/0
ACTTCGCCAAGACCGA-1,74,74/0
CCTCTAGAGGGTTTCT-1,74,74/0
CTCAACCGTCGTGTTA-1,74,74/0
CTCAGAACAACACACT-1,74,74/0
CTTCCGATCGCTGTTC-1,74,74/0
GGAGCAATCCAGCTCT-1,74,74/0
GGTGAAGGTAGAAACT-1,74,74/0
TCATCATTCGTTAGAC-1,74,74/0
TCATCCGCATCCGGCA-1,74,74/0
TGATGGTAGTCACGAG-1,74,74/0
AAAGGATGTAACGGTG-2,74,74/0
AACCCAATCACTCACC-2,74,74/0
AACCTTTAGTGTTGAA-2,74,74/0
ACAAGCTCACGCGTCA-2,74,74/0
ACAAGCTCAGACAAAT-2,74,74/0
ACATGCAAGGTGCGAT-2,74,74/0
ACTGTCCTCTCCGAGG-2,74,74/0
AGCCAGCGTCGATTTG-2,74,74/0
AGGCCACTCCATCACC-2,74,74/0
AGGGTGAGTGCAACAG-2,74,74/0
AGTAACCCACGGTGCT-2,74,74/0
AGTACTGCAGAATGTA-2,74,74/0
AGTACTGGTTCCCACT-2,74,74/0
ATCGATGGTCGTGGTC-2,74,74/0
ATGGATCTCTCACTCG-2,74,74/0
ATTCACTGTGACATCT-2,74,74/0
ATTCAGGCACCCAATA-2,74,74/0
CACAGGCTCGGACAAG-2,74,74/0
CACGGGTTCACTCCGT-2,74,74/0
CATCGCTCAGAGATGC-2,74,74/0
CATGGATGTCTAGGTT-2,74,74/0
CCCTCAATCCGGTAGC-2,74,74/0
CCCTGATCACTACGGC-2,74,74/0
CCTCAACCACGCTGAC-2,74,74/0
CGCGTGAGTGCCGAAA-2,74,74/0
CGCGTGATCCTTACCG-2,74,74/0
CGGGCATCAGCGTAGA-2,74,74/0
CGGGTGTAGAATCGCG-2,74,74/0
CGTCCATGTCCAAATC-2,74,74/0
CGTGATACACTGGACC-2,74,74/0
CTAACCCGTGTTCATG-2,74,74/0
CTACATTGTCGCTTGG-2,74,74/0
CTCCATGGTGGCTTGC-2,74,74/0
CTCGAGGTCAAGCGTT-2,74,74/0
CTGAGGCGTGACCTGC-2,74,74/0
CTGCAGGTCTTGTTAC-2,74,74/0
CTGGTCTTCATAGAGA-2,74,74/0
CTTCTAATCATTGAGC-2,74,74/0
GACTATGCATATTCGG-2,74,74/0
GAGACTTTCCTCTTTC-2,74,74/0
GAGTCATTCGGTCTGG-2,74,74/0
GCAACCGAGGGTTGCA-2,74,74/0
GCAGCTGTCTGCGTCT-2,74,74/0
GCCCGAAGTACTCGCG-2,74,74/0
GCCGATGTCTCTGCTG-2,74,74/0
GGGAGTATCTCAAAGC-2,74,74/0
GGTAGAGTCACTTGTT-2,74,74/0
GGTGTTATCTCGCGTT-2,74,74/0
GGTTAACAGCTAAGTA-2,74,74/0
GTAGAGGAGAGTTGAT-2,74,74/0
GTAGTACGTTAGCTAC-2,74,74/0
GTTAGTGTCTGCTTTA-2,74,74/0
GTTGCTCAGCTGTGCC-2,74,74/0
TAATCTCCAGTAACAA-2,74,74/0
TACGCTCGTCCAGGTC-2,74,74/0
TAGGAGGTCGTCCTTG-2,74,74/0
TCCGATCGTGAAAGTT-2,74,74/0
TCGACCTTCTCTTAAC-2,74,74/0
TCGCTTGGTTGGGTAG-2,74,74/0
TCGCTTGTCCATTTAC-2,74,74/0
TCTGCCAGTGTATTCG-2,74,74/0
TGACAGTAGCCAGACA-2,74,74/0
TGCTCGTGTATACCTG-2,74,74/0
TGCTTGCTCCCTCATG-2,74,74/0
TGGGTTACACTGTTCC-2,74,74/0
TTCCAATAGCTCGAAG-2,74,74/0
TTCGGTCTCATCACTT-2,74,74/0
TTCTTCCTCACTTATC-2,74,74/0
TTGCATTGTGATTGGG-2,74,74/0
TTGTGGAGTCCAGCAC-2,74,74/0
TTTGGAGAGTGTGTTC-2,74,74/0
CGCATGGCACCCTAGG-1,74,74/0
GTTATGGGTACTGCGC-1,74,74/0
GTTTACTTCGGTCTAA-1,74,74/0
TCCACCACAATAAGGT-1,74,74/0
AAACGAAGTCAGGTGA-2,74,74/0
AACACACAGTGCAACG-2,74,74/0
AACACACTCGCATAGT-2,74,74/0
ACACCAACATTGAGGG-2,74,74/0
ACACTGAAGGGTCTTT-2,74,74/0
ACTCCCAGTGCCCACA-2,74,74/0
ATAGACCCATACCGTA-2,74,74/0
ATTCGTTAGGCAGGTT-2,74,74/0
CAGCAATCAGGACTTT-2,74,74/0
CATTGCCCACCAAATC-2,74,74/0
CCACAAAGTATGCTTG-2,74,74/0
CCCGGAATCCTAGCTC-2,74,74/0
CCTCAACGTGGCTACC-2,74,74/0
CCTCTCCGTATGTCAC-2,74,74/0
CTGAATGTCCGGTTCT-2,74,74/0
CTGTACCGTATCGTAC-2,74,74/0
GAACACTGTGGTCAAG-2,74,74/0
GACGCTGGTAGCGTCC-2,74,74/0
GACTCAAAGAAATTGC-2,74,74/0
GAGATGGAGGTAAAGG-2,74,74/0
GAGGGATTCAGGAAGC-2,74,74/0
GAGTGTTTCACGATAC-2,74,74/0
GCATTAGCAGTGTGGA-2,74,74/0
GGGTGTCCAGCATGCC-2,74,74/0
GTAAGTCCACTGGCGT-2,74,74/0
GTAGGAGCACAAAGCG-2,74,74/0
GTCTCACTCTCCGAAA-2,74,74/0
TACGCTCGTGTGTCCG-2,74,74/0
TATTGCTAGCAAGTGC-2,74,74/0
TCGCACTGTGAGTAGC-2,74,74/0
TCGTCCACAACATCGT-2,74,74/0
TGCTCGTGTCGGTGTC-2,74,74/0
TGGAGGATCGGCATTA-2,74,74/0
TGTACAGAGAGAGAAC-2,74,74/0
TTGAGTGGTTGCTAGT-2,74,74/0
TTTACGTCAAAGACGC-2,74,74/0
TTTGATCAGTGAGCCA-2,74,74/0
AACCAACAGAGAGTGA-1,74,74/0
AGACCCGCACGTCATA-1,74,74/0
AGCCAATCACTTCATT-1,74,74/0
ATTCTTGCATTGCAAC-1,74,74/0
CAGATACGTATGTCAC-1,74,74/0
CCCTCTCTCCGAGGCT-1,74,74/0
CCGTTCACATTGCTGA-1,74,74/0
GAAGGACCAACGACAG-1,74,74/0
GACCCTTCAGAGCTAG-1,74,74/0
GACGTTATCAAGCTTG-1,74,74/0
GTGCACGTCGCCAATA-1,74,74/0
TATCTGTAGATGGTAT-1,74,74/0
TCGTCCATCTTCGGAA-1,74,74/0
TGGAACTAGCTACTAC-1,74,74/0
TGGTAGTGTATGAAGT-1,74,74/0
AAAGTGACAGAACATA-2,74,74/0
AAGGAATCATAGAAAC-2,74,74/0
ACCCTCAAGGACCCAA-2,74,74/0
AGAACAATCTCCGATC-2,74,74/0
AGACACTTCGTAGGGA-2,74,74/0
AGGCTGCGTACTCGCG-2,74,74/0
ATACCGACACTGTCCT-2,74,74/0
ATACTTCTCGTTCCTG-2,74,74/0
ATTCAGGCAAACACGG-2,74,74/0
CAGCACGCATGGTACT-2,74,74/0
CATACTTAGTAACCGG-2,74,74/0
CCACAAAGTCCTGAAT-2,74,74/0
CCATCACTCTCAACCC-2,74,74/0
CGCGTGAAGTCTTCCC-2,74,74/0
CGGACACTCTCCACTG-2,74,74/0
CTCCAACCACTAACGT-2,74,74/0
CTCCCTCTCTAAGCCA-2,74,74/0
CTTCCTTTCCATGCAA-2,74,74/0
GAACGTTTCTGGGTCG-2,74,74/0
GATGAGGAGTGTTCAC-2,74,74/0
GCCATTCCATAGGAGC-2,74,74/0
GGAGCAACAGCGTTTA-2,74,74/0
GGGTGTCCACCAAAGG-2,74,74/0
TAACGACGTCGTCAGC-2,74,74/0
TAAGCGTTCCGTGTAA-2,74,74/0
TAGCACATCATCACCC-2,74,74/0
TCATCCGAGTTTGAGA-2,74,74/0
TCCTCGATCGAGAGCA-2,74,74/0
TGAATCGGTGATTAGA-2,74,74/0
TGATTCTGTTGGGACA-2,74,74/0
TGGGCTGGTACCGCGT-2,74,74/0
TGTCCACCAACGAGGT-2,74,74/0
TTCCACGCAATAGTAG-2,74,74/0
TTCCGGTCAGTTAGAA-2,74,74/0
TTCTCTCAGGTTCATC-2,74,74/0

